path_id,time,asset_price,variance,volatility,hurst,eta,rho
0,0.0,100.0,0.04000000000000001,0.2,0.1,1.8,-0.7
0,0.008333333333333333,100.03150420537861,0.03017039213017763,0.1736962640075417,0.1,1.8,-0.7
0,0.016666666666666666,100.19682447405243,0.008333348883090622,0.09128717808701627,0.1,1.8,-0.7
0,0.025,99.98732693914312,0.028318139424796565,0.16827994362013723,0.1,1.8,-0.7
0,0.03333333333333333,99.8326972564435,0.045360685824474695,0.2129804822618136,0.1,1.8,-0.7
0,0.041666666666666664,99.92216104302462,0.003891364595171541,0.06238080309816106,0.1,1.8,-0.7
0,0.05,99.42938317256699,0.0032621753422594837,0.0571154562466193,0.1,1.8,-0.7
0,0.058333333333333334,98.94148931107597,0.008267349971234069,0.09092496890972286,0.1,1.8,-0.7
0,0.06666666666666667,97.3548749813398,0.006112717741328634,0.0781838713631439,0.1,1.8,-0.7
0,0.075,97.24129288222201,0.007431892473768899,0.0862084246101789,0.1,1.8,-0.7
0,0.08333333333333333,96.93762193580834,0.003456135454208596,0.05878890587694753,0.1,1.8,-0.7
0,0.09166666666666666,96.47008427758101,0.013308667339473263,0.11536319750888176,0.1,1.8,-0.7
0,0.1,96.70193462596974,0.017111028099945767,0.1308091285038845,0.1,1.8,-0.7
0,0.10833333333333334,97.10876946037703,0.011144956967398027,0.10556967825752822,0.1,1.8,-0.7
0,0.11666666666666667,96.60059870652165,0.029183115002073122,0.1708306617737961,0.1,1.8,-0.7
0,0.125,97.1915440237562,0.022147005586195506,0.14881870039143436,0.1,1.8,-0.7
0,0.13333333333333333,97.54592724869724,0.0068673501612772385,0.08286947665622874,0.1,1.8,-0.7
0,0.14166666666666666,96.8545232990359,0.015091077980296897,0.12284574872699867,0.1,1.8,-0.7
0,0.15,96.837261161955,0.004913227959776965,0.07009442174507872,0.1,1.8,-0.7
0,0.15833333333333333,97.07678178512042,0.019293842746881996,0.13890227768788385,0.1,1.8,-0.7
0,0.16666666666666666,96.95820252315985,0.011131272052235379,0.10550484373826341,0.1,1.8,-0.7
0,0.175,96.43797757676973,0.009262322814172993,0.09624096224671173,0.1,1.8,-0.7
0,0.18333333333333332,96.25299432285318,0.00536060723651404,0.07321616786280227,0.1,1.8,-0.7
0,0.19166666666666665,96.17313697979098,0.025150501645368275,0.15858909686787512,0.1,1.8,-0.7
0,0.2,97.08025672949427,0.010664798995559688,0.10327051367917024,0.1,1.8,-0.7
0,0.20833333333333334,97.1171743246642,0.007404539107684058,0.08604963165338976,0.1,1.8,-0.7
0,0.21666666666666667,97.25256238085835,0.006741400454311022,0.08210603177788475,0.1,1.8,-0.7
0,0.225,97.16469680791342,0.013773533956984106,0.11736070022364431,0.1,1.8,-0.7
0,0.23333333333333334,97.3063782529304,0.014245497173040153,0.11935450210628903,0.1,1.8,-0.7
0,0.24166666666666667,97.47468233493979,0.016346280435330998,0.12785257304931724,0.1,1.8,-0.7
0,0.25,97.50091268585129,0.018330032072659232,0.13538844881547035,0.1,1.8,-0.7
0,0.2583333333333333,98.19294284091465,0.09921292026915056,0.31498082524044313,0.1,1.8,-0.7
0,0.26666666666666666,100.16624143617776,0.01750181912480872,0.13229444102005466,0.1,1.8,-0.7
0,0.275,99.84322168109821,0.011876373369288169,0.1089787748567957,0.1,1.8,-0.7
0,0.2833333333333333,99.5032647039653,0.007082903045906435,0.08415998482596367,0.1,1.8,-0.7
0,0.2916666666666667,98.87078505524535,0.020138016265551225,0.1419084784836735,0.1,1.8,-0.7
0,0.3,98.57927150329013,0.04044552634544713,0.20111073155216538,0.1,1.8,-0.7
0,0.30833333333333335,99.31554767019908,0.017679865626714353,0.13296565581650907,0.1,1.8,-0.7
0,0.31666666666666665,99.24519833813656,0.007923874640537931,0.08901614820097492,0.1,1.8,-0.7
0,0.325,99.07214353663497,0.005834259885836436,0.0763823270517234,0.1,1.8,-0.7
0,0.3333333333333333,98.53188837838465,0.017844381981272868,0.13358286559762397,0.1,1.8,-0.7
0,0.3416666666666667,98.59527190343006,0.025031165416163705,0.1582124060121826,0.1,1.8,-0.7
0,0.35,98.99151839408766,0.02586480028440071,0.16082537201698216,0.1,1.8,-0.7
0,0.35833333333333334,98.96174416582308,0.00945024837081129,0.09721238794933128,0.1,1.8,-0.7
0,0.36666666666666664,98.4679449282815,0.016473159561940138,0.12834780700089946,0.1,1.8,-0.7
0,0.375,98.54636166259365,0.01586716057729966,0.1259649180418884,0.1,1.8,-0.7
0,0.3833333333333333,98.45818706335419,0.017666786507253316,0.1329164643949474,0.1,1.8,-0.7
0,0.39166666666666666,98.67796657478675,0.03390823061555505,0.184141876322457,0.1,1.8,-0.7
0,0.4,98.86013877992495,0.0237599317563014,0.1541425695786255,0.1,1.8,-0.7
0,0.4083333333333333,99.16250239593055,0.03623682738077453,0.19035973151056534,0.1,1.8,-0.7
0,0.4166666666666667,99.67955945437186,0.024044536054617743,0.15506300672506562,0.1,1.8,-0.7
0,0.425,99.7205308331559,0.02786263074329502,0.16692103145887585,0.1,1.8,-0.7
0,0.43333333333333335,99.90555750718752,0.03970639326465283,0.19926463124361238,0.1,1.8,-0.7
0,0.44166666666666665,99.91408016085545,0.006552904921861647,0.08095001495899581,0.1,1.8,-0.7
0,0.45,99.70125566125192,0.01090771563434472,0.10444000973929828,0.1,1.8,-0.7
0,0.4583333333333333,99.42064982730507,0.008793656303881901,0.09377449708679808,0.1,1.8,-0.7
0,0.4666666666666667,99.57126611902657,0.0065882193218254805,0.0811678466008892,0.1,1.8,-0.7
0,0.475,99.20185302539042,0.007756093971827244,0.08806868894123067,0.1,1.8,-0.7
0,0.48333333333333334,98.90264559888264,0.03872387385490567,0.1967838251861816,0.1,1.8,-0.7
0,0.49166666666666664,99.42983932745496,0.00723221369822787,0.08504242293248629,0.1,1.8,-0.7
0,0.5,99.30969776194031,0.028320535515671166,0.1682870628291764,0.1,1.8,-0.7
0,0.5083333333333333,99.22521174813934,0.003328098623889321,0.05768967519313418,0.1,1.8,-0.7
0,0.5166666666666666,99.04365961813913,0.00645033581166305,0.08031398266592842,0.1,1.8,-0.7
0,0.525,99.05485382109929,0.0098316037943383,0.09915444414819892,0.1,1.8,-0.7
0,0.5333333333333333,98.92061210497467,0.016137736973573204,0.12703439287678436,0.1,1.8,-0.7
0,0.5416666666666666,98.9483128986474,0.022278935268577875,0.14926129862954388,0.1,1.8,-0.7
0,0.55,99.50191890078719,0.029578292287152915,0.17198340701112103,0.1,1.8,-0.7
0,0.5583333333333333,99.80992756630809,0.01252449621557927,0.11191289566256102,0.1,1.8,-0.7
0,0.5666666666666667,99.70705273154299,0.009348997728540644,0.09669021526783692,0.1,1.8,-0.7
0,0.575,99.65133344145615,0.026872487420510925,0.1639282996328301,0.1,1.8,-0.7
0,0.5833333333333334,100.02659511857901,0.013400694446660125,0.11576136854175544,0.1,1.8,-0.7
0,0.5916666666666667,99.69420367762062,0.004355442911741523,0.06599577949946135,0.1,1.8,-0.7
0,0.6,99.08967069058372,0.0032291412269972674,0.05682553323108607,0.1,1.8,-0.7
0,0.6083333333333333,98.55532528197512,0.0028905369526517444,0.05376371408907447,0.1,1.8,-0.7
0,0.6166666666666667,98.23067330997549,0.008784554054138744,0.09372595187107327,0.1,1.8,-0.7
0,0.625,98.23491229386134,0.00818277777239907,0.09045870755432597,0.1,1.8,-0.7
0,0.6333333333333333,98.222334475726,0.014692840755823838,0.12121402870882494,0.1,1.8,-0.7
0,0.6416666666666666,98.48929351189024,0.0065789836232815445,0.08111093405504306,0.1,1.8,-0.7
0,0.65,97.98626122445783,0.009637808975695215,0.09817234323217112,0.1,1.8,-0.7
0,0.6583333333333333,97.90243299054124,0.01588232290484149,0.1260250883944998,0.1,1.8,-0.7
0,0.6666666666666666,97.89187747875503,0.008118577608281859,0.0901031498244199,0.1,1.8,-0.7
0,0.675,97.94583836982564,0.014471210819548143,0.1202963458279101,0.1,1.8,-0.7
0,0.6833333333333333,98.05136992159406,0.005906323397153649,0.0768526082651308,0.1,1.8,-0.7
0,0.6916666666666667,97.87287198860339,0.006123720122780139,0.07825420194967257,0.1,1.8,-0.7
0,0.7,97.58749892854152,0.005466341685837682,0.07393471231997648,0.1,1.8,-0.7
0,0.7083333333333334,97.37332025142614,0.0023321209753811387,0.048292038426443945,0.1,1.8,-0.7
0,0.7166666666666667,96.92328141718555,0.007891817095585427,0.0888358998130003,0.1,1.8,-0.7
0,0.725,96.79884971323506,0.004141785217744501,0.06435670297447268,0.1,1.8,-0.7
0,0.7333333333333333,96.5684758002591,0.005705949570846012,0.0755377360717543,0.1,1.8,-0.7
0,0.7416666666666667,96.45066234745222,0.009273153876669124,0.09629721634953486,0.1,1.8,-0.7
0,0.75,96.56622968030793,0.010785000518508878,0.10385085709087276,0.1,1.8,-0.7
0,0.7583333333333333,96.73865562013758,0.015157746317314237,0.12311679949265347,0.1,1.8,-0.7
0,0.7666666666666666,97.02716800466064,0.008994862936205184,0.09484125123702862,0.1,1.8,-0.7
0,0.775,96.86318502011984,0.006132600191475823,0.07831092000146482,0.1,1.8,-0.7
0,0.7833333333333333,96.53042406363883,0.0072181594751992055,0.08495975209002911,0.1,1.8,-0.7
0,0.7916666666666666,95.81262897235835,0.0015912515112725726,0.039890493996346706,0.1,1.8,-0.7
0,0.8,95.50668836766812,0.0011659953200867602,0.034146673631362104,0.1,1.8,-0.7
0,0.8083333333333333,95.24123311154905,0.0009088770045688836,0.030147587043889326,0.1,1.8,-0.7
0,0.8166666666666667,94.80871589185985,0.0009223168081682604,0.030369669214007917,0.1,1.8,-0.7
0,0.825,94.44855888812658,0.0028713804078262435,0.05358526297244648,0.1,1.8,-0.7
0,0.8333333333333334,94.332109559185,0.0011284390280688046,0.03359224654691622,0.1,1.8,-0.7
0,0.8416666666666667,94.18259318727259,0.0014867904977604743,0.0385589224144098,0.1,1.8,-0.7
0,0.85,94.19297460576328,0.0070142059904594765,0.08375085665507832,0.1,1.8,-0.7
0,0.8583333333333333,94.25241235231057,0.002512429549132011,0.0501241413804966,0.1,1.8,-0.7
0,0.8666666666666667,94.20378548674996,0.006170326800189078,0.07855142774125164,0.1,1.8,-0.7
0,0.875,93.97385129298223,0.0017077883451214091,0.04132539588584009,0.1,1.8,-0.7
0,0.8833333333333333,93.9165293574919,0.002458508702995285,0.049583351066615954,0.1,1.8,-0.7
0,0.8916666666666666,93.9008289838882,0.0012167035382633599,0.03488127776133437,0.1,1.8,-0.7
0,0.9,93.71409825426043,0.0016610694478365017,0.040756219744187534,0.1,1.8,-0.7
0,0.9083333333333333,93.5426929503798,0.004877711534721095,0.06984061522295673,0.1,1.8,-0.7
0,0.9166666666666666,93.45545767283345,0.0006314474271168466,0.025128617692122393,0.1,1.8,-0.7
0,0.9249999999999999,93.33435311158757,0.002724903768989117,0.05220061081049835,0.1,1.8,-0.7
0,0.9333333333333333,93.42578175065367,0.002922220429524403,0.05405756588604784,0.1,1.8,-0.7
0,0.9416666666666667,93.41978053489485,0.0015200612766226756,0.03898796322742028,0.1,1.8,-0.7
0,0.95,93.36721054925657,0.0005821231819893726,0.02412722905742333,0.1,1.8,-0.7
0,0.9583333333333334,93.25724583523683,0.0015937747576568653,0.03992210863239647,0.1,1.8,-0.7
0,0.9666666666666667,93.14115948350768,0.0010539677631418486,0.03246486967695772,0.1,1.8,-0.7
0,0.975,92.90461493229496,0.0019437492555816286,0.04408797177895155,0.1,1.8,-0.7
0,0.9833333333333333,92.86173865423261,0.001872847385473953,0.04327640679947855,0.1,1.8,-0.7
0,0.9916666666666667,92.4925251469538,0.008593481264961797,0.09270103162835783,0.1,1.8,-0.7
0,1.0,92.69653178989657,0.0026894454892495093,0.05185986395324914,0.1,1.8,-0.7
1,0.0,100.0,0.04000000000000001,0.2,0.1,1.8,-0.7
1,0.008333333333333333,100.08411598237088,0.006859473125590385,0.08282193625839947,0.1,1.8,-0.7
1,0.016666666666666666,99.39185129994247,0.012181504215619525,0.1103698519325795,0.1,1.8,-0.7
1,0.025,99.38562357180074,0.013294971015661404,0.11530382047296353,0.1,1.8,-0.7
1,0.03333333333333333,98.85510284060169,0.041717634309048464,0.20424895179424657,0.1,1.8,-0.7
1,0.041666666666666664,99.9524561501696,0.040493414526321776,0.2012297555689063,0.1,1.8,-0.7
1,0.05,100.63383200000173,0.0316810075151028,0.1779915939450591,0.1,1.8,-0.7
1,0.058333333333333334,100.96632730179263,0.09264877058903863,0.3043826055953898,0.1,1.8,-0.7
1,0.06666666666666667,100.5098979254376,0.011687196831027877,0.10810733939482498,0.1,1.8,-0.7
1,0.075,100.02578160277477,0.011389102003885043,0.10671973577499638,0.1,1.8,-0.7
1,0.08333333333333333,99.48230222502082,0.006841255706530757,0.08271188370803047,0.1,1.8,-0.7
1,0.09166666666666666,98.86629124316376,0.008300240463287836,0.09110565549562681,0.1,1.8,-0.7
1,0.1,98.92153097239839,0.002995973090286849,0.054735482918184336,0.1,1.8,-0.7
1,0.10833333333333334,98.55069667005839,0.012823105864079922,0.11323915340587778,0.1,1.8,-0.7
1,0.11666666666666667,98.31454759416113,0.00773546397517901,0.08795148648646599,0.1,1.8,-0.7
1,0.125,98.1232682922038,0.002247576871305396,0.04740861600284695,0.1,1.8,-0.7
1,0.13333333333333333,97.81834443137394,0.0021468534268118725,0.04633414968262472,0.1,1.8,-0.7
1,0.14166666666666666,97.12846189722842,0.005804491248184145,0.07618721184151672,0.1,1.8,-0.7
1,0.15,96.74145166835343,0.011632907431118793,0.10785595686432342,0.1,1.8,-0.7
1,0.15833333333333333,97.72893278632446,0.047130827415269506,0.21709635514045256,0.1,1.8,-0.7
1,0.16666666666666666,99.89284210505394,0.21040853127240025,0.4587030970817619,0.1,1.8,-0.7
1,0.175,104.19261209349484,0.04733547673068259,0.217567177512332,0.1,1.8,-0.7
1,0.18333333333333332,104.80613587644946,0.011713086644279008,0.10822701439233648,0.1,1.8,-0.7
1,0.19166666666666665,104.14376170523511,0.0025142001749802172,0.050141800675486486,0.1,1.8,-0.7
1,0.2,103.57176086457372,0.01127632984156127,0.10619006470268898,0.1,1.8,-0.7
1,0.20833333333333334,103.69992628392286,0.004850523354246019,0.06964569874906862,0.1,1.8,-0.7
1,0.21666666666666667,103.72956333670055,0.0054563372453079705,0.0738670240723692,0.1,1.8,-0.7
1,0.225,103.4294511813608,0.0041589272936131925,0.06448974564698788,0.1,1.8,-0.7
1,0.23333333333333334,103.11534102998758,0.0055299426010165156,0.07436358383655615,0.1,1.8,-0.7
1,0.24166666666666667,103.03330478883622,0.017244799409340563,0.1313194555629156,0.1,1.8,-0.7
1,0.25,103.54484365565631,0.01087185577907254,0.10426819159778566,0.1,1.8,-0.7
1,0.2583333333333333,103.54146761404577,0.008222184162743697,0.09067626019385502,0.1,1.8,-0.7
1,0.26666666666666666,103.02966607565048,0.0033610146537579127,0.05797425854427043,0.1,1.8,-0.7
1,0.275,102.5346314201349,0.0013148309521932825,0.03626059779144964,0.1,1.8,-0.7
1,0.2833333333333333,102.19196745515026,0.0024350805965266246,0.04934653581080058,0.1,1.8,-0.7
1,0.2916666666666667,101.70513376393338,0.0035080254872577846,0.05922858674033836,0.1,1.8,-0.7
1,0.3,100.99606915346268,0.02066826691667241,0.1437646233141951,0.1,1.8,-0.7
1,0.30833333333333335,101.762601055153,0.008460123466851596,0.09197892947219811,0.1,1.8,-0.7
1,0.31666666666666665,101.42246384593759,0.018422205679468465,0.13572842620272463,0.1,1.8,-0.7
1,0.325,102.34161989165686,0.006172124314707316,0.07856286854938098,0.1,1.8,-0.7
1,0.3333333333333333,102.13635778963003,0.002580144637720916,0.05079512415302197,0.1,1.8,-0.7
1,0.3416666666666667,101.64387236843802,0.002133500824790898,0.04618983464779775,0.1,1.8,-0.7
1,0.35,101.31837408703518,0.002064225923936945,0.04543375313505307,0.1,1.8,-0.7
1,0.35833333333333334,101.44588463888357,0.025291183540328586,0.15903202048747475,0.1,1.8,-0.7
1,0.36666666666666664,102.24639255853346,0.003510853155794128,0.05925245274074423,0.1,1.8,-0.7
1,0.375,101.95923062910488,0.011793496620225814,0.10859786655466955,0.1,1.8,-0.7
1,0.3833333333333333,102.26519174589153,0.003105335992909735,0.05572554165649478,0.1,1.8,-0.7
1,0.39166666666666666,102.15293146268534,0.012322586027159209,0.11100714403658536,0.1,1.8,-0.7
1,0.4,102.06520771209028,0.010322644531420502,0.10160041600023349,0.1,1.8,-0.7
1,0.4083333333333333,102.23615728465238,0.006792506597307727,0.08241666456068049,0.1,1.8,-0.7
1,0.4166666666666667,102.16674246722171,0.006901136260851718,0.08307307783422808,0.1,1.8,-0.7
1,0.425,101.9535374355596,0.0037839998673702066,0.061514224918877154,0.1,1.8,-0.7
1,0.43333333333333335,101.7044735654152,0.00845495286860629,0.09195081766143404,0.1,1.8,-0.7
1,0.44166666666666665,101.54373399532028,0.004339031032670109,0.06587132177715967,0.1,1.8,-0.7
1,0.45,101.39146998474877,0.001803920380829824,0.04247258387277402,0.1,1.8,-0.7
1,0.4583333333333333,101.04530466454676,0.00117889781758515,0.03433508144136475,0.1,1.8,-0.7
1,0.4666666666666667,100.99409078610395,0.003260006693494536,0.05709646831017253,0.1,1.8,-0.7
1,0.475,100.86827438031787,0.014325534346314289,0.11968932427879392,0.1,1.8,-0.7
1,0.48333333333333334,101.80023297769385,0.006723443414509331,0.08199660611579805,0.1,1.8,-0.7
1,0.49166666666666664,101.77305532490789,0.005192570687166444,0.07205949408070005,0.1,1.8,-0.7
1,0.5,101.77868398774558,0.00708245401718256,0.08415731707452752,0.1,1.8,-0.7
1,0.5083333333333333,101.89204878295888,0.01993644614125038,0.14119648062629034,0.1,1.8,-0.7
1,0.5166666666666666,102.59781828990941,0.010808342275670253,0.10396317749891186,0.1,1.8,-0.7
1,0.525,102.9922404848966,0.005915873304815942,0.07691471448829504,0.1,1.8,-0.7
1,0.5333333333333333,102.66500022220868,0.020037427801202566,0.1415536216463661,0.1,1.8,-0.7
1,0.5416666666666666,103.11646536526017,0.014985958821684211,0.12241715084776401,0.1,1.8,-0.7
1,0.55,103.52579411131735,0.04456426698397552,0.21110250350001897,0.1,1.8,-0.7
1,0.5583333333333333,104.72867498549621,0.019287851004769756,0.138880707820668,0.1,1.8,-0.7
1,0.5666666666666667,104.70538471772724,0.004818061667090548,0.06941225876666562,0.1,1.8,-0.7
1,0.575,104.3764425924199,0.002589345249903504,0.050885609457915544,0.1,1.8,-0.7
1,0.5833333333333334,104.21084598169789,0.027862564273733587,0.16692083235394434,0.1,1.8,-0.7
1,0.5916666666666667,105.10314294865925,0.05416803087165656,0.23274026482681626,0.1,1.8,-0.7
1,0.6,106.90964790272851,0.014981909477221503,0.12240061060804192,0.1,1.8,-0.7
1,0.6083333333333333,106.70712653632857,0.010200771198511498,0.10099886731301247,0.1,1.8,-0.7
1,0.6166666666666667,106.56327395966096,0.04679957472405165,0.21633209360622305,0.1,1.8,-0.7
1,0.625,106.81762337387642,0.0066471586213803615,0.08153010868004754,0.1,1.8,-0.7
1,0.6333333333333333,106.38583116097011,0.005068609410616182,0.07119416697044907,0.1,1.8,-0.7
1,0.6416666666666666,105.93173494693401,0.015793136651495596,0.12567074699983125,0.1,1.8,-0.7
1,0.65,105.86598646771809,0.007632444678733161,0.0873638636893605,0.1,1.8,-0.7
1,0.6583333333333333,105.536843061995,0.009384401695273515,0.09687312163481424,0.1,1.8,-0.7
1,0.6666666666666666,105.18370355982366,0.008100247056921762,0.0900013725279885,0.1,1.8,-0.7
1,0.675,105.28192225427485,0.012189673392283072,0.11040685391896227,0.1,1.8,-0.7
1,0.6833333333333333,105.57978268962559,0.036846845612781565,0.1919553219183609,0.1,1.8,-0.7
1,0.6916666666666667,107.53353355562028,0.01661247728429088,0.1288893994255962,0.1,1.8,-0.7
1,0.7,107.49055309948282,0.025993400283326033,0.16122468881448038,0.1,1.8,-0.7
1,0.7083333333333334,107.71841664577754,0.0024466606213996876,0.049463730362758605,0.1,1.8,-0.7
1,0.7166666666666667,107.06579943175176,0.007531160604662753,0.08678225973471049,0.1,1.8,-0.7
1,0.725,106.72283365325443,0.0037719080309228936,0.06141586139526901,0.1,1.8,-0.7
1,0.7333333333333333,106.49479837167699,0.002079815922025834,0.04560499887102108,0.1,1.8,-0.7
1,0.7416666666666667,106.0770000551485,0.002046796116652836,0.04524153088317012,0.1,1.8,-0.7
1,0.75,105.80709055986105,0.002828753776870971,0.05318602990326474,0.1,1.8,-0.7
1,0.7583333333333333,105.66766600372263,0.009035049773072944,0.09505287882580382,0.1,1.8,-0.7
1,0.7666666666666666,105.87705046041509,0.00163146685316723,0.040391420539109914,0.1,1.8,-0.7
1,0.775,105.57353083994461,0.003770094217958918,0.061401092970393596,0.1,1.8,-0.7
1,0.7833333333333333,105.2292253943258,0.00256813401338285,0.05067676009161251,0.1,1.8,-0.7
1,0.7916666666666666,104.56411912969577,0.0026707278742566973,0.051679085462657884,0.1,1.8,-0.7
1,0.8,104.52905522599399,0.00882798427292882,0.09395735347980391,0.1,1.8,-0.7
1,0.8083333333333333,104.8677673501726,0.008391759512989249,0.0916065473259922,0.1,1.8,-0.7
1,0.8166666666666667,104.57694580579142,0.020637203270730774,0.1436565462160732,0.1,1.8,-0.7
1,0.825,105.6173799864729,0.007662752500951032,0.08753714926219057,0.1,1.8,-0.7
1,0.8333333333333334,105.47539183809882,0.004027451015968026,0.06346220147432664,0.1,1.8,-0.7
1,0.8416666666666667,105.28450334842542,0.004808452906628557,0.06934300906817181,0.1,1.8,-0.7
1,0.85,105.2637533968735,0.007005019249176522,0.08369599302939491,0.1,1.8,-0.7
1,0.8583333333333333,105.03999097952543,0.007234099060714181,0.08505350704535458,0.1,1.8,-0.7
1,0.8666666666666667,105.14748479640596,0.0023509909925415982,0.04848701880443464,0.1,1.8,-0.7
1,0.875,104.44290248426778,0.004886194257245339,0.0699013179936211,0.1,1.8,-0.7
1,0.8833333333333333,104.54541129148339,0.006033952344349001,0.07767851919513528,0.1,1.8,-0.7
1,0.8916666666666666,104.90508217481036,0.05589550746018138,0.23642230745042098,0.1,1.8,-0.7
1,0.9,107.60615837630924,0.06914023537342504,0.2629453087115742,0.1,1.8,-0.7
1,0.9083333333333333,108.28211873456921,0.008634969828206596,0.0929245383534758,0.1,1.8,-0.7
1,0.9166666666666666,108.26021566230612,0.009261885311093803,0.0962386892631742,0.1,1.8,-0.7
1,0.9249999999999999,107.957492884811,0.0026662110362103736,0.05163536613804896,0.1,1.8,-0.7
1,0.9333333333333333,107.66248005927005,0.0036401965373843667,0.06033404128172061,0.1,1.8,-0.7
1,0.9416666666666667,107.45419975306335,0.007392282126774886,0.08597838174084742,0.1,1.8,-0.7
1,0.95,107.77973432794965,0.019759701801808714,0.14056920644938106,0.1,1.8,-0.7
1,0.9583333333333334,108.99781409978985,0.004842128222801373,0.06958540236861013,0.1,1.8,-0.7
1,0.9666666666666667,108.68204434060932,0.0038526514720099055,0.06206973072287252,0.1,1.8,-0.7
1,0.975,108.16993912703487,0.0007834251273823101,0.027989732535026308,0.1,1.8,-0.7
1,0.9833333333333333,107.90998460317456,0.0025861888459107344,0.05085458529877846,0.1,1.8,-0.7
1,0.9916666666666667,107.18451926239793,0.0012218428241819422,0.03495486839028209,0.1,1.8,-0.7
1,1.0,106.9193468238016,0.001553482703215422,0.03941424492763272,0.1,1.8,-0.7
2,0.0,100.0,0.04000000000000001,0.2,0.1,1.8,-0.7
2,0.008333333333333333,100.07830621130104,0.008078130797261543,0.08987842231181821,0.1,1.8,-0.7
2,0.016666666666666666,99.4483100408961,0.010153365568972656,0.10076391005202535,0.1,1.8,-0.7
2,0.025,99.02073474721523,0.0018539016280581706,0.043056957951743066,0.1,1.8,-0.7
2,0.03333333333333333,98.2288448239353,0.0011808098055393944,0.034362913228354115,0.1,1.8,-0.7
2,0.041666666666666664,98.171448047698,0.021945384347797626,0.14813974600962979,0.1,1.8,-0.7
2,0.05,98.8601255337407,0.0020162771248669344,0.04490297456591194,0.1,1.8,-0.7
2,0.058333333333333334,98.4059925528959,0.00142260841460433,0.03771748155171989,0.1,1.8,-0.7
2,0.06666666666666667,96.81063738937738,0.015815904670674893,0.12576130036968802,0.1,1.8,-0.7
2,0.075,98.14382976281182,0.08668868597733759,0.2944294244421532,0.1,1.8,-0.7
2,0.08333333333333333,100.26289886219,0.00474907189377526,0.06891351024128187,0.1,1.8,-0.7
2,0.09166666666666666,99.7179183751878,0.005618973782617309,0.07495981445159339,0.1,1.8,-0.7
2,0.1,99.46700619602181,0.009261376781681685,0.09623604720520106,0.1,1.8,-0.7
2,0.10833333333333334,99.54529152500953,0.03742001312023067,0.19344253182852697,0.1,1.8,-0.7
2,0.11666666666666667,100.75873568098753,0.0050397942907716075,0.070991508582165,0.1,1.8,-0.7
2,0.125,100.19123967021605,0.0064160010485835505,0.08009994412347334,0.1,1.8,-0.7
2,0.13333333333333333,100.09683252763026,0.015079297798597138,0.12279779231972023,0.1,1.8,-0.7
2,0.14166666666666666,99.93015985495781,0.013991251422724147,0.11828462039810647,0.1,1.8,-0.7
2,0.15,99.91149598920093,0.007131232577043632,0.08444662561075861,0.1,1.8,-0.7
2,0.15833333333333333,100.06781210002836,0.007412059938739989,0.0860933211041367,0.1,1.8,-0.7
2,0.16666666666666666,99.36300005676692,0.0021733222101441327,0.046618903999816774,0.1,1.8,-0.7
2,0.175,98.64712617215996,0.003934789785855129,0.06272790276946241,0.1,1.8,-0.7
2,0.18333333333333332,98.42893605379224,0.0037570186046306303,0.06129452344729201,0.1,1.8,-0.7
2,0.19166666666666665,98.34168594778266,0.005685924081367203,0.07540506668233378,0.1,1.8,-0.7
2,0.2,98.44347007883725,0.003035779486257465,0.05509790818404511,0.1,1.8,-0.7
2,0.20833333333333334,98.38648305281971,0.006620295781361508,0.08136520006342704,0.1,1.8,-0.7
2,0.21666666666666667,98.77365337223503,0.01321714648884841,0.11496584922857922,0.1,1.8,-0.7
2,0.225,99.05632089552203,0.008179039130837845,0.09043804028636315,0.1,1.8,-0.7
2,0.23333333333333334,99.03878517269077,0.009711738343753756,0.09854815241167009,0.1,1.8,-0.7
2,0.24166666666666667,99.1721277079343,0.007892326337969395,0.08883876596379194,0.1,1.8,-0.7
2,0.25,99.0489280964696,0.007278758766181451,0.08531564197837024,0.1,1.8,-0.7
2,0.2583333333333333,98.91182272620411,0.003583466024267859,0.05986205830296732,0.1,1.8,-0.7
2,0.26666666666666666,98.43090810104214,0.0072656508851276546,0.08523878744519806,0.1,1.8,-0.7
2,0.275,98.29658907998008,0.005579732145008319,0.0746976046805272,0.1,1.8,-0.7
2,0.2833333333333333,98.34338222128008,0.04107487705515044,0.20266937868151283,0.1,1.8,-0.7
2,0.2916666666666667,99.77591006126234,0.04960843312252943,0.22272950662749968,0.1,1.8,-0.7
2,0.3,101.32675093819176,0.0240922133098967,0.1552166656963636,0.1,1.8,-0.7
2,0.30833333333333335,101.49670618175874,0.00797324801645659,0.0892930457340133,0.1,1.8,-0.7
2,0.31666666666666665,101.1079877443427,0.003992332373224646,0.06318490621362546,0.1,1.8,-0.7
2,0.325,100.7116229435413,0.022951719615919894,0.15149824954737892,0.1,1.8,-0.7
2,0.3333333333333333,101.3761644847619,0.014566047804135446,0.12068988277455342,0.1,1.8,-0.7
2,0.3416666666666667,101.31113158595132,0.018150699367310133,0.13472453142360574,0.1,1.8,-0.7
2,0.35,101.35313963045708,0.002514372583938852,0.0501435198598867,0.1,1.8,-0.7
2,0.35833333333333334,101.23914753762824,0.01609002798388268,0.1268464740695723,0.1,1.8,-0.7
2,0.36666666666666664,101.37366338903946,0.014697493684319964,0.12123322021756233,0.1,1.8,-0.7
2,0.375,101.71887902267919,0.003813304060191358,0.06175195592198969,0.1,1.8,-0.7
2,0.3833333333333333,101.27730070658697,0.004588927400666386,0.06774162236517801,0.1,1.8,-0.7
2,0.39166666666666666,101.23719209406106,0.00804019754074483,0.08966714861500186,0.1,1.8,-0.7
2,0.4,100.82139519740261,0.007431240172395124,0.08620464124625266,0.1,1.8,-0.7
2,0.4083333333333333,100.83400568922913,0.005472123605107508,0.07397380350575133,0.1,1.8,-0.7
2,0.4166666666666667,100.71121020566265,0.005900322242466781,0.07681355506983635,0.1,1.8,-0.7
2,0.425,100.5303068916168,0.005021274020088445,0.07086094848425643,0.1,1.8,-0.7
2,0.43333333333333335,100.36158759056222,0.0068031020332216165,0.0824809192069391,0.1,1.8,-0.7
2,0.44166666666666665,100.24969968830207,0.024818613943925007,0.15753924572602537,0.1,1.8,-0.7
2,0.45,99.92831835457271,0.0009258868741371872,0.03042838927937506,0.1,1.8,-0.7
2,0.4583333333333333,99.48025748148324,0.0032530274603641746,0.05703531765813332,0.1,1.8,-0.7
2,0.4666666666666667,99.57451878301207,0.0048868040884034805,0.06990567994378911,0.1,1.8,-0.7
2,0.475,99.46692157840592,0.00613238872184332,0.0783095697973327,0.1,1.8,-0.7
2,0.48333333333333334,99.64474291299321,0.0037072837964816224,0.060887468304090475,0.1,1.8,-0.7
2,0.49166666666666664,99.3271340582773,0.0009047284449525727,0.03007870417675224,0.1,1.8,-0.7
2,0.5,99.1559569428779,0.003664058643462855,0.060531468208386084,0.1,1.8,-0.7
2,0.5083333333333333,99.20722034661644,0.016787904066829597,0.12956814449095733,0.1,1.8,-0.7
2,0.5166666666666666,99.41982271609052,0.0014673827967778225,0.03830643283807333,0.1,1.8,-0.7
2,0.525,99.33469211467053,0.007806376220610327,0.0883536995298461,0.1,1.8,-0.7
2,0.5333333333333333,99.58011481214562,0.0035973737074646364,0.05997811023585718,0.1,1.8,-0.7
2,0.5416666666666666,99.25235796737587,0.004069852923721412,0.06379539892281741,0.1,1.8,-0.7
2,0.55,99.30160762391075,0.001603250093444698,0.04004060555791705,0.1,1.8,-0.7
2,0.5583333333333333,98.76383244239507,0.0022525120319475977,0.04746063665763026,0.1,1.8,-0.7
2,0.5666666666666667,98.85386745830168,0.009901453613055122,0.0995060481229916,0.1,1.8,-0.7
2,0.575,99.38139765364947,0.008155468013940145,0.09030762987666183,0.1,1.8,-0.7
2,0.5833333333333334,99.75014556648114,0.027576586273167177,0.16606199527034227,0.1,1.8,-0.7
2,0.5916666666666667,100.77132201643697,0.027349711327981023,0.1653774813207077,0.1,1.8,-0.7
2,0.6,101.51480577852473,0.017725444558823297,0.1331369391221809,0.1,1.8,-0.7
2,0.6083333333333333,101.48240998647574,0.05996623120961589,0.244880034322147,0.1,1.8,-0.7
2,0.6166666666666667,103.23321775541216,0.027966877125863154,0.16723300250208736,0.1,1.8,-0.7
2,0.625,103.77866025979414,0.038946656185650484,0.19734907191484455,0.1,1.8,-0.7
2,0.6333333333333333,104.5122563512284,0.015622696253848961,0.12499078467570704,0.1,1.8,-0.7
2,0.6416666666666666,104.33760753812037,0.01733269220070068,0.1316536828223984,0.1,1.8,-0.7
2,0.65,104.0567474422511,0.008040456182566451,0.08966859083629257,0.1,1.8,-0.7
2,0.6583333333333333,103.76539499864923,0.028887209675526153,0.16996237723545218,0.1,1.8,-0.7
2,0.6666666666666666,104.11923941379087,0.005197492212141399,0.07209363503209835,0.1,1.8,-0.7
2,0.675,103.93985541731247,0.020358044578203942,0.14268161962286502,0.1,1.8,-0.7
2,0.6833333333333333,104.3060981125969,0.01070123245153379,0.10344676143569594,0.1,1.8,-0.7
2,0.6916666666666667,103.77073543268644,0.03391367474950869,0.18415665817316704,0.1,1.8,-0.7
2,0.7,104.58491000135825,0.03252079240115754,0.18033522229769075,0.1,1.8,-0.7
2,0.7083333333333334,105.39512770430504,0.10216672654943759,0.31963530241423205,0.1,1.8,-0.7
2,0.7166666666666667,108.16088032379967,0.06000860786362,0.2449665443762066,0.1,1.8,-0.7
2,0.725,107.83850792705485,0.007484266920369286,0.08651165771368206,0.1,1.8,-0.7
2,0.7333333333333333,107.1072313757933,0.015774567257303362,0.1255968441375155,0.1,1.8,-0.7
2,0.7416666666666667,106.78460973393584,0.005449389712425598,0.07381998179643232,0.1,1.8,-0.7
2,0.75,106.33916526862892,0.006694844881235924,0.08182203175939794,0.1,1.8,-0.7
2,0.7583333333333333,106.11419902768942,0.03891818080704301,0.19727691402453307,0.1,1.8,-0.7
2,0.7666666666666666,107.33203224710131,0.029084046047995603,0.17054045281983862,0.1,1.8,-0.7
2,0.775,107.5074418457151,0.009551652660734237,0.09773255681058507,0.1,1.8,-0.7
2,0.7833333333333333,106.84393092006853,0.005251293019474471,0.0724658058636932,0.1,1.8,-0.7
2,0.7916666666666666,106.04148739776916,0.009914122083773982,0.09956968456198896,0.1,1.8,-0.7
2,0.8,105.86069680353498,0.0032551766374773927,0.0570541553042142,0.1,1.8,-0.7
2,0.8083333333333333,105.53219027656118,0.003695601547915769,0.06079145949815458,0.1,1.8,-0.7
2,0.8166666666666667,104.90399272333055,0.007982913856005351,0.08934715359766841,0.1,1.8,-0.7
2,0.825,104.63654561543228,0.020798658114392306,0.14421739879221337,0.1,1.8,-0.7
2,0.8333333333333334,105.02082951222599,0.01851929976566034,0.13608563394297116,0.1,1.8,-0.7
2,0.8416666666666667,104.8746311318747,0.001438665138818737,0.03792973950370259,0.1,1.8,-0.7
2,0.85,104.61345579591993,0.007269061291830797,0.08525879011474885,0.1,1.8,-0.7
2,0.8583333333333333,104.3634632175035,0.007100555130886892,0.08426479176314917,0.1,1.8,-0.7
2,0.8666666666666667,104.39621336290439,0.0102655116380566,0.10131886121575094,0.1,1.8,-0.7
2,0.875,104.11030525006716,0.0363521879642967,0.19066249752978875,0.1,1.8,-0.7
2,0.8833333333333333,104.32609610615077,0.001957601162080393,0.04424478683506559,0.1,1.8,-0.7
2,0.8916666666666666,104.0734552362493,0.003595386223523975,0.059961539535972344,0.1,1.8,-0.7
2,0.9,103.93125937683755,0.00951670300188541,0.09755359041001725,0.1,1.8,-0.7
2,0.9083333333333333,103.42396032511118,0.0016169536905693864,0.04021136270470557,0.1,1.8,-0.7
2,0.9166666666666666,103.6615662709179,0.01672502838538052,0.12932528130795046,0.1,1.8,-0.7
2,0.9249999999999999,104.30993847839545,0.010503562937596227,0.10248689154031469,0.1,1.8,-0.7
2,0.9333333333333333,104.52398895438694,0.017819611110794813,0.13349011615394907,0.1,1.8,-0.7
2,0.9416666666666667,104.96967678455114,0.006039646461397229,0.07771516236486435,0.1,1.8,-0.7
2,0.95,105.03366272000615,0.017063009055871176,0.1306254533231222,0.1,1.8,-0.7
2,0.9583333333333334,105.47909828491534,0.02791256604219164,0.16707054211377792,0.1,1.8,-0.7
2,0.9666666666666667,106.28048871385374,0.01708527506798968,0.13071065399572324,0.1,1.8,-0.7
2,0.975,106.30197536078418,0.01675990341249751,0.12946004562218225,0.1,1.8,-0.7
2,0.9833333333333333,106.4499311878865,0.017398042675170002,0.1319016401534492,0.1,1.8,-0.7
2,0.9916666666666667,105.83916833073329,0.006207267614580212,0.07878621462273849,0.1,1.8,-0.7
2,1.0,105.54280960095936,0.00862885850665445,0.09289164928374591,0.1,1.8,-0.7
3,0.0,100.0,0.04000000000000001,0.2,0.1,1.8,-0.7
3,0.008333333333333333,100.04961275637285,0.018118717738543202,0.1346057864229588,0.1,1.8,-0.7
3,0.016666666666666666,99.5376562614531,0.026148069725824584,0.1617036478432833,0.1,1.8,-0.7
3,0.025,99.88807636327564,0.0533937575489854,0.2310708929073184,0.1,1.8,-0.7
3,0.03333333333333333,100.51693351792792,0.010360894276384274,0.10178847811213347,0.1,1.8,-0.7
3,0.041666666666666664,100.20161966042456,0.015533744094360157,0.12463444184638593,0.1,1.8,-0.7
3,0.05,100.33020075876591,0.0676211417564718,0.2600406540456161,0.1,1.8,-0.7
3,0.058333333333333334,101.17241454030805,0.01381051478226976,0.11751814660838453,0.1,1.8,-0.7
3,0.06666666666666667,99.23046917287978,0.009027076185002588,0.09501092666110876,0.1,1.8,-0.7
3,0.075,99.03119696045016,0.017510371502282844,0.1323267603407672,0.1,1.8,-0.7
3,0.08333333333333333,99.0620416609002,0.03503238903783671,0.18716941266627063,0.1,1.8,-0.7
3,0.09166666666666666,99.36052622380711,0.021148896681805612,0.14542660238692787,0.1,1.8,-0.7
3,0.1,98.84775100146712,0.069066865821218,0.26280575682663043,0.1,1.8,-0.7
3,0.10833333333333334,100.29068249368554,0.06690055691893214,0.25865141971180466,0.1,1.8,-0.7
3,0.11666666666666667,100.80854301828974,0.0795931457478013,0.28212257220541803,0.1,1.8,-0.7
3,0.125,101.71540535516338,0.07235929458210547,0.2689968300595854,0.1,1.8,-0.7
3,0.13333333333333333,102.4696619223214,0.4078503081605793,0.6386315903246403,0.1,1.8,-0.7
3,0.14166666666666666,106.92240784288798,0.07433013460107254,0.2726355343697379,0.1,1.8,-0.7
3,0.15,107.34512735002868,0.01059025866207144,0.1029089824168495,0.1,1.8,-0.7
3,0.15833333333333333,107.56276339621797,0.14250420312428544,0.3774972888966031,0.1,1.8,-0.7
3,0.16666666666666666,108.37934670537054,0.03619177028679072,0.19024134746892096,0.1,1.8,-0.7
3,0.175,107.64934936820038,0.04798618221263042,0.21905748609127793,0.1,1.8,-0.7
3,0.18333333333333332,107.6150802853812,0.14705802834379522,0.38348145762708685,0.1,1.8,-0.7
3,0.19166666666666665,108.48104409604929,0.014290280808274445,0.11954196254150441,0.1,1.8,-0.7
3,0.2,107.72884053105845,0.010527206847457322,0.10260217759607894,0.1,1.8,-0.7
3,0.20833333333333334,107.19604726711003,0.005142932360492238,0.07171424098805089,0.1,1.8,-0.7
3,0.21666666666666667,106.9273228958159,0.006901611490696595,0.08307593809700012,0.1,1.8,-0.7
3,0.225,106.65245936213033,0.01887296888134321,0.13737892444382876,0.1,1.8,-0.7
3,0.23333333333333334,106.65032450499523,0.026084989354971666,0.16150848075247215,0.1,1.8,-0.7
3,0.24166666666666667,106.9442273614328,0.025355009169368385,0.15923256315643602,0.1,1.8,-0.7
3,0.25,107.50288143058941,0.0057016649186833945,0.07550936974100231,0.1,1.8,-0.7
3,0.2583333333333333,106.77334260060914,0.0015346907172403652,0.039175128809492955,0.1,1.8,-0.7
3,0.26666666666666666,106.03021452378623,0.0070519384780561595,0.08397582079417956,0.1,1.8,-0.7
3,0.275,105.69461400324022,0.005188530091773803,0.0720314521009663,0.1,1.8,-0.7
3,0.2833333333333333,105.46547360684788,0.011587417524150918,0.10764486761639366,0.1,1.8,-0.7
3,0.2916666666666667,105.24922765445756,0.018360322987632027,0.1355002693267878,0.1,1.8,-0.7
3,0.3,105.25046363447015,0.014047080623322081,0.11852038062427103,0.1,1.8,-0.7
3,0.30833333333333335,105.0349986960222,0.025894646467084993,0.1609181359172576,0.1,1.8,-0.7
3,0.31666666666666665,105.35999803373812,0.020050513043641204,0.14159983419355124,0.1,1.8,-0.7
3,0.325,105.5380671660869,0.02736969757578116,0.1654378964318066,0.1,1.8,-0.7
3,0.3333333333333333,106.01996784942335,0.009931566476417353,0.09965724497705801,0.1,1.8,-0.7
3,0.3416666666666667,105.4758888000423,0.012264440446260152,0.11074493417877024,0.1,1.8,-0.7
3,0.35,105.27538901150272,0.016598830866748397,0.12883645007042221,0.1,1.8,-0.7
3,0.35833333333333334,105.59439839852067,0.03197085519161942,0.17880395742717614,0.1,1.8,-0.7
3,0.36666666666666664,105.79703254579503,0.013342838056306473,0.11551120316361731,0.1,1.8,-0.7
3,0.375,105.51596001400924,0.026165618740662897,0.16175790163285036,0.1,1.8,-0.7
3,0.3833333333333333,105.78168598642739,0.014768592438841174,0.12152609776850885,0.1,1.8,-0.7
3,0.39166666666666666,105.8010893438104,0.01497842868624408,0.12238639093561048,0.1,1.8,-0.7
3,0.4,105.29303900296775,0.034542774526776315,0.18585686569717116,0.1,1.8,-0.7
3,0.4083333333333333,105.51145807011338,0.003246070317960827,0.056974295238825266,0.1,1.8,-0.7
3,0.4166666666666667,104.98504739421924,0.0030967159406096617,0.05564814408953511,0.1,1.8,-0.7
3,0.425,104.45669379499519,0.0018606465360291337,0.04313521225204686,0.1,1.8,-0.7
3,0.43333333333333335,104.02263635979438,0.0005835742629151645,0.024157281778278875,0.1,1.8,-0.7
3,0.44166666666666665,103.5086875227302,0.0014866383164468442,0.038556949003348856,0.1,1.8,-0.7
3,0.45,103.61691242163681,0.005617386128449301,0.07494922366808945,0.1,1.8,-0.7
3,0.4583333333333333,103.66095332614142,0.003229531212362945,0.05682896455473164,0.1,1.8,-0.7
3,0.4666666666666667,103.75670043638704,0.004942985347450225,0.07030636775890378,0.1,1.8,-0.7
3,0.475,103.65135115905716,0.013015704013402601,0.11408638837916907,0.1,1.8,-0.7
3,0.48333333333333334,104.09164547531421,0.024148673807762814,0.15539843566703884,0.1,1.8,-0.7
3,0.49166666666666664,104.69440447326555,0.009855075266513398,0.09927273173693468,0.1,1.8,-0.7
3,0.5,104.88799406016223,0.03360689597677274,0.18332183715196818,0.1,1.8,-0.7
3,0.5083333333333333,105.62845053212588,0.015571411544105308,0.12478546207032816,0.1,1.8,-0.7
3,0.5166666666666666,105.56583907951804,0.00614608227173769,0.07839695320443066,0.1,1.8,-0.7
3,0.525,105.50398138609467,0.005563429632756316,0.07458840146266922,0.1,1.8,-0.7
3,0.5333333333333333,105.2614472661544,0.0020371742231220574,0.045135066446412346,0.1,1.8,-0.7
3,0.5416666666666666,104.68649946045986,0.002272730894685458,0.047673167449682405,0.1,1.8,-0.7
3,0.55,104.55420023182205,0.003094458250068188,0.055627854983525904,0.1,1.8,-0.7
3,0.5583333333333333,104.03318583472281,0.009042301460774739,0.09509101671963939,0.1,1.8,-0.7
3,0.5666666666666667,104.574260635433,0.02992711839821717,0.17299456175908295,0.1,1.8,-0.7
3,0.575,105.57881616355752,0.002923450952259253,0.05406894628397388,0.1,1.8,-0.7
3,0.5833333333333334,105.3297261117431,0.009012256472376072,0.0949329051086928,0.1,1.8,-0.7
3,0.5916666666666667,105.17851785491756,0.0028060556548435934,0.05297221587628361,0.1,1.8,-0.7
3,0.6,104.61367850857806,0.008221600494354558,0.09067304171778158,0.1,1.8,-0.7
3,0.6083333333333333,104.53061414835756,0.005797492227298696,0.07614126494417266,0.1,1.8,-0.7
3,0.6166666666666667,104.24789714504706,0.0011512222655544171,0.03392966645215389,0.1,1.8,-0.7
3,0.625,104.02556358319069,0.008486530223774604,0.0921223654916362,0.1,1.8,-0.7
3,0.6333333333333333,104.20228136495324,0.0030867791198254885,0.05555878976206635,0.1,1.8,-0.7
3,0.6416666666666666,103.92945894251304,0.0027529888020464332,0.05246893177916274,0.1,1.8,-0.7
3,0.65,103.39809467836292,0.0014833129167670636,0.038513801640023326,0.1,1.8,-0.7
3,0.6583333333333333,102.99561082841292,0.0016524094722866179,0.04064983975720714,0.1,1.8,-0.7
3,0.6666666666666666,102.52256927209415,0.004068114801978536,0.06378177484186635,0.1,1.8,-0.7
3,0.675,102.75982753505303,0.002910651102884887,0.053950450441909076,0.1,1.8,-0.7
3,0.6833333333333333,102.72261618977353,0.004629781341062192,0.0680424965816378,0.1,1.8,-0.7
3,0.6916666666666667,102.776154297168,0.005566947247497021,0.07461197790902625,0.1,1.8,-0.7
3,0.7,102.70583109080776,0.01554411616444774,0.12467604487008617,0.1,1.8,-0.7
3,0.7083333333333334,103.28638969429379,0.005046652581459077,0.07103979575884968,0.1,1.8,-0.7
3,0.7166666666666667,103.08702745453532,0.0014694277963843347,0.03833311618410816,0.1,1.8,-0.7
3,0.725,102.89665332957082,0.009653558945663155,0.09825252640855173,0.1,1.8,-0.7
3,0.7333333333333333,103.42341348753156,0.003999800223643515,0.06324397381287418,0.1,1.8,-0.7
3,0.7416666666666667,103.27684111191721,0.013563834002363865,0.1164638742373096,0.1,1.8,-0.7
3,0.75,104.28455497097958,0.009973190357458426,0.09986586182203819,0.1,1.8,-0.7
3,0.7583333333333333,104.45928505024611,0.006625471712234047,0.08139700063413914,0.1,1.8,-0.7
3,0.7666666666666666,104.41733391133316,0.009469252702829174,0.09731008530891942,0.1,1.8,-0.7
3,0.775,104.69579679048852,0.04616200657479867,0.21485345371857226,0.1,1.8,-0.7
3,0.7833333333333333,106.74177128943226,0.09391213092352362,0.30645086216802137,0.1,1.8,-0.7
3,0.7916666666666666,108.70969916374024,0.02473443656233666,0.15727185559513393,0.1,1.8,-0.7
3,0.8,108.94484088398994,0.02267870734192036,0.15059451298742713,0.1,1.8,-0.7
3,0.8083333333333333,109.4356710837899,0.04974270825660478,0.2230307338834825,0.1,1.8,-0.7
3,0.8166666666666667,111.51212798568717,0.010721605836539534,0.10354518741370616,0.1,1.8,-0.7
3,0.825,110.86296725295438,0.021537520724359025,0.1467566718223026,0.1,1.8,-0.7
3,0.8333333333333334,110.89090326171151,0.01654197785068848,0.12861562055476963,0.1,1.8,-0.7
3,0.8416666666666667,110.948453905704,0.021258138497938946,0.1458017095165175,0.1,1.8,-0.7
3,0.85,110.98991178778489,0.007743287775559624,0.08799595317717528,0.1,1.8,-0.7
3,0.8583333333333333,110.29540595689743,0.002777987163021398,0.0527066140348761,0.1,1.8,-0.7
3,0.8666666666666667,109.93360912248731,0.0010715800619436188,0.0327349975094488,0.1,1.8,-0.7
3,0.875,109.0967569512824,0.0014582567821365803,0.038187128487706175,0.1,1.8,-0.7
3,0.8833333333333333,108.96275233551492,0.0022005276351983066,0.04690978187114396,0.1,1.8,-0.7
3,0.8916666666666666,108.91190801507095,0.0025705459208088706,0.05070055148426761,0.1,1.8,-0.7
3,0.9,108.94084980250884,0.020922830666155846,0.14464726290585608,0.1,1.8,-0.7
3,0.9083333333333333,109.87357998107473,0.019688982666003583,0.14031743535998506,0.1,1.8,-0.7
3,0.9166666666666666,109.994197529883,0.003902382866805043,0.062469055273831724,0.1,1.8,-0.7
3,0.9249999999999999,109.83609155436366,0.008983269768209842,0.09478011272524338,0.1,1.8,-0.7
3,0.9333333333333333,110.04538251926272,0.005064154049099083,0.07116286987677692,0.1,1.8,-0.7
3,0.9416666666666667,109.87823338135098,0.004920532934214799,0.07014651049207508,0.1,1.8,-0.7
3,0.95,109.9249869292989,0.007076968031932339,0.08412471712839419,0.1,1.8,-0.7
3,0.9583333333333334,109.99081924550276,0.01153721685246673,0.10741143725165737,0.1,1.8,-0.7
3,0.9666666666666667,110.22464939851393,0.005791794929234184,0.07610384306481627,0.1,1.8,-0.7
3,0.975,110.02041095817704,0.018588532661715285,0.13633976918608628,0.1,1.8,-0.7
3,0.9833333333333333,109.99157531217324,0.003370426346829842,0.05805537310903998,0.1,1.8,-0.7
3,0.9916666666666667,109.22065939405977,0.006408085612193454,0.0800505191250716,0.1,1.8,-0.7
3,1.0,109.68613046605059,0.07401148644933393,0.2720505218692549,0.1,1.8,-0.7
4,0.0,100.0,0.04000000000000001,0.2,0.1,1.8,-0.7
4,0.008333333333333333,100.0347371360692,0.027544937241510886,0.16596667509325747,0.1,1.8,-0.7
4,0.016666666666666666,99.42274932899684,0.09594401818415887,0.3097483142555563,0.1,1.8,-0.7
4,0.025,100.52961699906157,0.04538105975282417,0.21302830739792347,0.1,1.8,-0.7
4,0.03333333333333333,100.07519431987558,0.0679533612677865,0.2606786551825571,0.1,1.8,-0.7
4,0.041666666666666664,100.56521002769342,0.04299713435158891,0.20735750372626718,0.1,1.8,-0.7
4,0.05,100.50542443124236,0.03501091228846412,0.1871120313835113,0.1,1.8,-0.7
4,0.058333333333333334,100.02999807999906,0.017613756824057684,0.13271682946807342,0.1,1.8,-0.7
4,0.06666666666666667,98.19927174354544,0.04062547033465263,0.20155761046076287,0.1,1.8,-0.7
4,0.075,97.9720430185425,0.014249918792817314,0.11937302372319013,0.1,1.8,-0.7
4,0.08333333333333333,97.58661407673593,0.04303965936944601,0.20746001872516548,0.1,1.8,-0.7
4,0.09166666666666666,97.8405077735019,0.08177220526210702,0.28595839778210225,0.1,1.8,-0.7
4,0.1,99.35491461904023,0.05819683713193346,0.2412402062922627,0.1,1.8,-0.7
4,0.10833333333333334,99.82244282550165,0.032952997426011696,0.181529604819742,0.1,1.8,-0.7
4,0.11666666666666667,99.08836201252774,0.05592308424701057,0.23648062129276168,0.1,1.8,-0.7
4,0.125,99.49631323074959,0.03089307601793283,0.17576426263018552,0.1,1.8,-0.7
4,0.13333333333333333,99.28201450470614,0.08474223766600328,0.29110520034173776,0.1,1.8,-0.7
4,0.14166666666666666,98.8190049801027,0.008512817740672553,0.09226493234524455,0.1,1.8,-0.7
4,0.15,97.70701563217696,0.01749756580492403,0.13227836484067992,0.1,1.8,-0.7
4,0.15833333333333333,97.12674755818391,0.003519240898880385,0.05932319022844595,0.1,1.8,-0.7
4,0.16666666666666666,96.20610257779228,0.003009124685852623,0.05485548911323846,0.1,1.8,-0.7
4,0.175,95.55244424991506,0.030123697053493634,0.1735617960655329,0.1,1.8,-0.7
4,0.18333333333333332,96.19269855761415,0.035232761014393134,0.18770391848438628,0.1,1.8,-0.7
4,0.19166666666666665,96.48800023935453,0.010535873766858977,0.10264440445956602,0.1,1.8,-0.7
4,0.2,96.3225889857278,0.0038663393939933873,0.062179895416391524,0.1,1.8,-0.7
4,0.20833333333333334,95.9948251105672,0.0006198420869473127,0.02489662802363631,0.1,1.8,-0.7
4,0.21666666666666667,95.93380560109426,0.002482771884717022,0.04982742101209957,0.1,1.8,-0.7
4,0.225,95.95572521806434,0.04108944255480125,0.2027053096364307,0.1,1.8,-0.7
4,0.23333333333333334,97.8723373409744,0.01653126029674228,0.1285739487483459,0.1,1.8,-0.7
4,0.24166666666666667,98.06480732032492,0.007253198766690354,0.08516571356297295,0.1,1.8,-0.7
4,0.25,97.55789504238467,0.015304708657773936,0.12371220092526823,0.1,1.8,-0.7
4,0.2583333333333333,97.31804008147033,0.002756170316531434,0.0524992411043382,0.1,1.8,-0.7
4,0.26666666666666666,96.6713796887323,0.005334364248590236,0.07303673218723737,0.1,1.8,-0.7
4,0.275,96.29890009975352,0.007640660053103082,0.08741086919315631,0.1,1.8,-0.7
4,0.2833333333333333,96.20039296733191,0.0070779446317149755,0.0841305214040361,0.1,1.8,-0.7
4,0.2916666666666667,95.81029716847912,0.01615175985874768,0.1270895741544037,0.1,1.8,-0.7
4,0.3,95.79670117018948,0.014211740281022749,0.11921300382518155,0.1,1.8,-0.7
4,0.30833333333333335,95.71083706726584,0.02103498471525521,0.14503442596588995,0.1,1.8,-0.7
4,0.31666666666666665,96.13305744930214,0.007192714145454291,0.0848098705661923,0.1,1.8,-0.7
4,0.325,95.82714984199909,0.024031461073658535,0.15502084077200246,0.1,1.8,-0.7
4,0.3333333333333333,96.02414259223457,0.06433871403852824,0.25365077180747597,0.1,1.8,-0.7
4,0.3416666666666667,97.76355078312865,0.009228886412188868,0.09606709328479168,0.1,1.8,-0.7
4,0.35,97.31888890299652,0.006471914422983722,0.08044820956978298,0.1,1.8,-0.7
4,0.35833333333333334,97.38632712523668,0.0381215669011293,0.1952474504343893,0.1,1.8,-0.7
4,0.36666666666666664,97.96649092061148,0.014649062235024808,0.12103331043570116,0.1,1.8,-0.7
4,0.375,97.74324545761286,0.057162914147993016,0.23908767042236415,0.1,1.8,-0.7
4,0.3833333333333333,99.19089141422054,0.015719471814808105,0.12537731778439076,0.1,1.8,-0.7
4,0.39166666666666666,99.05891966916118,0.07234367928803383,0.2689678034412926,0.1,1.8,-0.7
4,0.4,100.12919788457997,0.03263875497301924,0.18066199094723617,0.1,1.8,-0.7
4,0.4083333333333333,100.38567158105246,0.03432839701833718,0.18527924065673732,0.1,1.8,-0.7
4,0.4166666666666667,100.79967780630493,0.11698262740171114,0.34202723195925666,0.1,1.8,-0.7
4,0.425,102.31448191885423,0.03012721311599235,0.17357192490720483,0.1,1.8,-0.7
4,0.43333333333333335,102.05114837742519,0.013623400932725722,0.11671932544667024,0.1,1.8,-0.7
4,0.44166666666666665,101.3748009658208,0.014906476561157345,0.1220920823033064,0.1,1.8,-0.7
4,0.45,101.50241470219247,0.02990576270000469,0.17293282713240044,0.1,1.8,-0.7
4,0.4583333333333333,101.79925368944482,0.005345077698505106,0.07311003828822077,0.1,1.8,-0.7
4,0.4666666666666667,101.21889315503316,0.024405364166206787,0.15622216285215995,0.1,1.8,-0.7
4,0.475,101.40810908170994,0.01072176729954253,0.10354596708487748,0.1,1.8,-0.7
4,0.48333333333333334,100.99620924883935,0.04304778080143113,0.20747959128895335,0.1,1.8,-0.7
4,0.49166666666666664,100.82499019331115,0.0023612065431411664,0.04859224776794305,0.1,1.8,-0.7
4,0.5,100.38842370648233,0.004621795500377939,0.06798378851151161,0.1,1.8,-0.7
4,0.5083333333333333,99.8551719543559,0.0017257065913223741,0.04154162480359157,0.1,1.8,-0.7
4,0.5166666666666666,99.67987171813498,0.0024603376440286563,0.049601790734092016,0.1,1.8,-0.7
4,0.525,99.61190337414963,0.005964501614686915,0.0772301859034854,0.1,1.8,-0.7
4,0.5333333333333333,99.52032186513077,0.004970136068498877,0.07049919197053876,0.1,1.8,-0.7
4,0.5416666666666666,99.18299937861835,0.00470190777412433,0.06857045846517529,0.1,1.8,-0.7
4,0.55,99.16276990189249,0.005040599142981348,0.07099717700712718,0.1,1.8,-0.7
4,0.5583333333333333,98.7232902100299,0.0071340323119264155,0.08446320093346223,0.1,1.8,-0.7
4,0.5666666666666667,98.68684067297586,0.0025983896101960777,0.0509744015187631,0.1,1.8,-0.7
4,0.575,98.5525216148639,0.00953678315345023,0.09765645474545054,0.1,1.8,-0.7
4,0.5833333333333334,98.78446847625906,0.012474434372165086,0.1116890073917979,0.1,1.8,-0.7
4,0.5916666666666667,98.83219738024208,0.012062273408904272,0.10982838161834249,0.1,1.8,-0.7
4,0.6,98.73751040174484,0.0156821642551366,0.12522844826610527,0.1,1.8,-0.7
4,0.6083333333333333,98.81010563428312,0.014339432415383687,0.11974736913762944,0.1,1.8,-0.7
4,0.6166666666666667,99.00763076001408,0.07628765309254085,0.276202196031351,0.1,1.8,-0.7
4,0.625,100.4204379315468,0.019573827112147262,0.13990649417431367,0.1,1.8,-0.7
4,0.6333333333333333,100.39880936597045,0.013499416571978926,0.11618698968464122,0.1,1.8,-0.7
4,0.6416666666666666,100.21749532950487,0.007507054353181759,0.0866432591329629,0.1,1.8,-0.7
4,0.65,99.58248289023224,0.00440385837059328,0.06636157299667693,0.1,1.8,-0.7
4,0.6583333333333333,99.03786094147021,0.002636390391196593,0.05134579234169625,0.1,1.8,-0.7
4,0.6666666666666666,98.42614549149727,0.0026140040166112515,0.051127331405142314,0.1,1.8,-0.7
4,0.675,98.35428563431367,0.0046507391785534395,0.0681963281896719,0.1,1.8,-0.7
4,0.6833333333333333,98.31322824393729,0.007369448930375093,0.08584549452577632,0.1,1.8,-0.7
4,0.6916666666666667,98.45423778325812,0.006744096499200301,0.08212244820510589,0.1,1.8,-0.7
4,0.7,98.3081331835005,0.0032926609513916623,0.0573817126913415,0.1,1.8,-0.7
4,0.7083333333333334,98.12282599665188,0.012393794951293583,0.11132742227903053,0.1,1.8,-0.7
4,0.7166666666666667,98.3095749894813,0.015158060761620431,0.12311807650227659,0.1,1.8,-0.7
4,0.725,98.40335731010536,0.00821803883686669,0.09065339947771782,0.1,1.8,-0.7
4,0.7333333333333333,98.41080526889222,0.004731061956693582,0.06878271553736143,0.1,1.8,-0.7
4,0.7416666666666667,98.1519874951218,0.01162304840903411,0.10781024259797448,0.1,1.8,-0.7
4,0.75,98.58839008102687,0.010232264661841375,0.10115465714361042,0.1,1.8,-0.7
4,0.7583333333333333,98.63263968383531,0.0023365505618466054,0.04833787916165339,0.1,1.8,-0.7
4,0.7666666666666666,98.32958129618444,0.005219475150862391,0.0722459351857417,0.1,1.8,-0.7
4,0.775,98.2016363807959,0.007482622980476921,0.08650215592964676,0.1,1.8,-0.7
4,0.7833333333333333,97.84129465933232,0.002883572617814766,0.05369890704488096,0.1,1.8,-0.7
4,0.7916666666666666,97.19132326737075,0.0060361617012956535,0.07769273905131453,0.1,1.8,-0.7
4,0.8,97.06952310947179,0.0014798520255135184,0.038468844868458404,0.1,1.8,-0.7
4,0.8083333333333333,96.98107890669975,0.012812504582455642,0.11319233446861869,0.1,1.8,-0.7
4,0.8166666666666667,97.12872856548766,0.02012671432809337,0.14186865167503837,0.1,1.8,-0.7
4,0.825,98.01748452119222,0.007326436153341748,0.08559460352932156,0.1,1.8,-0.7
4,0.8333333333333334,97.41928069972815,0.011187350982878697,0.10577027457125512,0.1,1.8,-0.7
4,0.8416666666666667,97.18921843292617,0.0009344085568211129,0.030568097042850295,0.1,1.8,-0.7
4,0.85,96.92361827179673,0.0013418805123480617,0.03663168727137834,0.1,1.8,-0.7
4,0.8583333333333333,96.45170765232162,0.002330886499615779,0.04827925537553142,0.1,1.8,-0.7
4,0.8666666666666667,96.38073016725609,0.0011697088205501213,0.03420100613359381,0.1,1.8,-0.7
4,0.875,95.7763195444842,0.00480343397016111,0.06930681041687829,0.1,1.8,-0.7
4,0.8833333333333333,96.20330473763413,0.022573622948181903,0.1502452094017706,0.1,1.8,-0.7
4,0.8916666666666666,97.10133749784066,0.002321441248024951,0.048181337134049644,0.1,1.8,-0.7
4,0.9,96.8151877063998,0.0020182422123207746,0.044924850721185204,0.1,1.8,-0.7
4,0.9083333333333333,96.52789987315865,0.004345352086712622,0.06591928463441196,0.1,1.8,-0.7
4,0.9166666666666666,97.04404125055372,0.018089054898178282,0.1344955571689202,0.1,1.8,-0.7
4,0.9249999999999999,97.46360128677722,0.002235944620461832,0.04728577609029836,0.1,1.8,-0.7
4,0.9333333333333333,97.27206612336033,0.00555162783304826,0.07450924662783982,0.1,1.8,-0.7
4,0.9416666666666667,97.33449106211557,0.027058140446254066,0.16449358785756382,0.1,1.8,-0.7
4,0.95,98.06233612991413,0.0019305316988915307,0.043937816273587504,0.1,1.8,-0.7
4,0.9583333333333334,97.88762379559057,0.0014579405702490498,0.038182987969108045,0.1,1.8,-0.7
4,0.9666666666666667,97.54915269222755,0.00224927956739186,0.04742657026806661,0.1,1.8,-0.7
4,0.975,97.24626181312331,0.001972471501950267,0.044412515150014494,0.1,1.8,-0.7
4,0.9833333333333333,97.19112496501911,0.00623739914826783,0.07897720651091573,0.1,1.8,-0.7
4,0.9916666666666667,96.8839034302133,0.00514987528189471,0.07176263151456132,0.1,1.8,-0.7
4,1.0,96.52239752100358,0.0008564266349743998,0.02926476781002029,0.1,1.8,-0.7
5,0.0,100.0,0.04000000000000001,0.2,0.1,1.8,-0.7
5,0.008333333333333333,100.02316099476532,0.03816149873143669,0.1953496832130441,0.1,1.8,-0.7
5,0.016666666666666666,100.25389189966648,0.01520899915571402,0.12332477105478047,0.1,1.8,-0.7
5,0.025,100.26406912850814,0.06680660176706854,0.25846973085270264,0.1,1.8,-0.7
5,0.03333333333333333,101.19997028606274,0.01728029060337398,0.1314545191439761,0.1,1.8,-0.7
5,0.041666666666666664,100.87138241684718,0.012411551326588713,0.11140714217045831,0.1,1.8,-0.7
5,0.05,100.68455556003018,0.0293104846637115,0.1712030509766444,0.1,1.8,-0.7
5,0.058333333333333334,100.8745563515169,0.04396439882081779,0.20967689148024346,0.1,1.8,-0.7
5,0.06666666666666667,99.94677319122835,0.041123893070381445,0.20279026867771896,0.1,1.8,-0.7
5,0.075,99.41070232360002,0.006034487538370638,0.07768196404810217,0.1,1.8,-0.7
5,0.08333333333333333,98.88972148273349,0.02563069696092523,0.16009589926330164,0.1,1.8,-0.7
5,0.09166666666666666,98.79668295946405,0.00734355801150013,0.08569456232165569,0.1,1.8,-0.7
5,0.1,98.18678914964542,0.016727924360724383,0.1293364773013568,0.1,1.8,-0.7
5,0.10833333333333334,98.2850603549653,0.003981441220330509,0.06309866258749475,0.1,1.8,-0.7
5,0.11666666666666667,97.35939433457084,0.014274483699366987,0.1194758707830455,0.1,1.8,-0.7
5,0.125,97.41245079123416,0.0055264614365251605,0.07434017377249774,0.1,1.8,-0.7
5,0.13333333333333333,97.14927297553244,0.0027397122175003346,0.05234226033999998,0.1,1.8,-0.7
5,0.14166666666666666,96.4398978993144,0.012197896031949942,0.11044408554535613,0.1,1.8,-0.7
5,0.15,96.33200727566354,0.010944019198653492,0.10461366640479385,0.1,1.8,-0.7
5,0.15833333333333333,96.45751634994541,0.005400902264127404,0.07349083115686884,0.1,1.8,-0.7
5,0.16666666666666666,96.1632088606252,0.030375930931471007,0.17428692128634038,0.1,1.8,-0.7
5,0.175,96.27986753407126,0.00867261037112571,0.09312685096751479,0.1,1.8,-0.7
5,0.18333333333333332,96.01639811548593,0.010988143207125706,0.10482434453468195,0.1,1.8,-0.7
5,0.19166666666666665,96.02216055056988,0.013780190059087347,0.11738905425586896,0.1,1.8,-0.7
5,0.2,96.24612736517734,0.006513731935715518,0.08070769440217902,0.1,1.8,-0.7
5,0.20833333333333334,96.12183909207849,0.014408646312095071,0.12003602089412607,0.1,1.8,-0.7
5,0.21666666666666667,96.64198161206836,0.006719126242806948,0.08197027658125199,0.1,1.8,-0.7
5,0.225,96.37055566520037,0.006208069210416441,0.07879130161646297,0.1,1.8,-0.7
5,0.23333333333333334,95.989799206984,0.02895529378569399,0.17016255106718983,0.1,1.8,-0.7
5,0.24166666666666667,96.76279856269362,0.004944480554548523,0.070317000466093,0.1,1.8,-0.7
5,0.25,96.56472849688177,0.0009216630680297754,0.030358904262666915,0.1,1.8,-0.7
5,0.2583333333333333,96.40357298697,0.018406309943763962,0.13566985643010004,0.1,1.8,-0.7
5,0.26666666666666666,97.02638819850256,0.08622818434004788,0.29364635931686245,0.1,1.8,-0.7
5,0.275,100.03578745398592,0.012381330789212377,0.11127142844959068,0.1,1.8,-0.7
5,0.2833333333333333,99.65418446984295,0.0022557638356549307,0.04749488220487478,0.1,1.8,-0.7
5,0.2916666666666667,98.94419159460885,0.005206161507164071,0.07215373522669545,0.1,1.8,-0.7
5,0.3,98.38206696647866,0.005182605467607221,0.07199031509590176,0.1,1.8,-0.7
5,0.30833333333333335,98.0059592695473,0.005428070551286277,0.07367544062498899,0.1,1.8,-0.7
5,0.31666666666666665,97.7691914144903,0.0022524699330910827,0.04746019314215949,0.1,1.8,-0.7
5,0.325,97.51392421432928,0.00788657557378093,0.08880639376633268,0.1,1.8,-0.7
5,0.3333333333333333,97.49105604946276,0.00984405452362476,0.09921720880787142,0.1,1.8,-0.7
5,0.3416666666666667,97.5358894641327,0.0018064942008129412,0.04250287285364298,0.1,1.8,-0.7
5,0.35,97.2080265296417,0.00848271055694757,0.09210163167364394,0.1,1.8,-0.7
5,0.35833333333333334,97.78533211513314,0.040730559610674774,0.20181813498958603,0.1,1.8,-0.7
5,0.36666666666666664,99.02640299870968,0.013786608763052472,0.1174163905213087,0.1,1.8,-0.7
5,0.375,99.19342301406425,0.008145048314894111,0.09024992141212153,0.1,1.8,-0.7
5,0.3833333333333333,98.94465278712184,0.008219310639946723,0.09066041385272143,0.1,1.8,-0.7
5,0.39166666666666666,98.99810764807476,0.015580068020495526,0.12482014268737048,0.1,1.8,-0.7
5,0.4,98.68991632450482,0.0021168608008347097,0.04600935557943308,0.1,1.8,-0.7
5,0.4083333333333333,98.44755950141617,0.006766106493458541,0.08225634621996374,0.1,1.8,-0.7
5,0.4166666666666667,98.4039603337903,0.0045672047656798685,0.0675810976951386,0.1,1.8,-0.7
5,0.425,98.38588080721647,0.03315658620669889,0.1820895005394295,0.1,1.8,-0.7
5,0.43333333333333335,99.57207618083125,0.009486528053987907,0.0973988093047749,0.1,1.8,-0.7
5,0.44166666666666665,99.444655280966,0.045832460258614136,0.21408517057146703,0.1,1.8,-0.7
5,0.45,99.89651920486693,0.005744163954090733,0.0757902629240111,0.1,1.8,-0.7
5,0.4583333333333333,99.44835553919525,0.01728609490006387,0.13147659449523275,0.1,1.8,-0.7
5,0.4666666666666667,100.06664795448214,0.01619699184433311,0.12726740291344485,0.1,1.8,-0.7
5,0.475,100.1212606089264,0.005664459582593508,0.07526260414437909,0.1,1.8,-0.7
5,0.48333333333333334,99.83484724263239,0.010796393814596975,0.10390569673794106,0.1,1.8,-0.7
5,0.49166666666666664,100.01386838272765,0.03044774195797098,0.17449281348517187,0.1,1.8,-0.7
5,0.5,100.66338141936306,0.010655977465543632,0.10322779405539785,0.1,1.8,-0.7
5,0.5083333333333333,100.17747149647558,0.0024820255552951004,0.04981993130560399,0.1,1.8,-0.7
5,0.5166666666666666,100.06615647885135,0.006656598506471164,0.0815879801592806,0.1,1.8,-0.7
5,0.525,100.24398929025159,0.003124041197723096,0.05589312299132243,0.1,1.8,-0.7
5,0.5333333333333333,99.886238229424,0.00406927630152002,0.06379087945404123,0.1,1.8,-0.7
5,0.5416666666666666,99.50692443027653,0.004980291525540577,0.0705711805593514,0.1,1.8,-0.7
5,0.55,99.51546875138037,0.0011326838757871503,0.033655369197011495,0.1,1.8,-0.7
5,0.5583333333333333,98.91318701453137,0.0007401550783172626,0.027205791264311035,0.1,1.8,-0.7
5,0.5666666666666667,98.8388220764452,0.003512339504907534,0.05926499392480804,0.1,1.8,-0.7
5,0.575,98.90091720658468,0.001895379570173565,0.04353595720980032,0.1,1.8,-0.7
5,0.5833333333333334,98.62043124674622,0.0002568469365913625,0.01602644491430843,0.1,1.8,-0.7
5,0.5916666666666667,98.19926550494348,0.002768741030785638,0.05261882772150704,0.1,1.8,-0.7
5,0.6,98.03423172379303,0.0027138890111201024,0.05209499986678282,0.1,1.8,-0.7
5,0.6083333333333333,97.8567085996175,0.001279001978530837,0.03576313714610111,0.1,1.8,-0.7
5,0.6166666666666667,97.59292183568738,0.0006082774846726536,0.024663282114768377,0.1,1.8,-0.7
5,0.625,97.4351400485135,0.003212956220998391,0.056682944710013,0.1,1.8,-0.7
5,0.6333333333333333,97.50928176462061,0.0030552829608748557,0.05527461407259987,0.1,1.8,-0.7
5,0.6416666666666666,97.40440654822171,0.023590238619011345,0.15359114108245744,0.1,1.8,-0.7
5,0.65,98.54296826744977,0.008318315905465617,0.09120480198687796,0.1,1.8,-0.7
5,0.6583333333333333,98.5711299942019,0.008252851994822247,0.09084520898111384,0.1,1.8,-0.7
5,0.6666666666666666,98.43436814247973,0.005177403443377003,0.07195417599678981,0.1,1.8,-0.7
5,0.675,98.56527226827544,0.01151943671717937,0.10732863884900139,0.1,1.8,-0.7
5,0.6833333333333333,98.95301236912329,0.012195034856095431,0.11043113173419636,0.1,1.8,-0.7
5,0.6916666666666667,98.9945037002476,0.025019356511776773,0.1581750818295245,0.1,1.8,-0.7
5,0.7,99.78334004260718,0.006665118312270857,0.0816401758466434,0.1,1.8,-0.7
5,0.7083333333333334,99.6142085706108,0.005430779040562372,0.07369381955471145,0.1,1.8,-0.7
5,0.7166666666666667,99.33609790400001,0.0043519832861234125,0.06596956333130766,0.1,1.8,-0.7
5,0.725,99.24630738530713,0.01206334223618592,0.10983324740799535,0.1,1.8,-0.7
5,0.7333333333333333,99.33613417729714,0.030467343510262805,0.17454897166773228,0.1,1.8,-0.7
5,0.7416666666666667,100.11227711581614,0.0076305530556831785,0.0873530369001741,0.1,1.8,-0.7
5,0.75,100.28871762147845,0.00607413343907331,0.07793672715140988,0.1,1.8,-0.7
5,0.7583333333333333,100.14727491253666,0.01013214309252195,0.10065854704157988,0.1,1.8,-0.7
5,0.7666666666666666,100.22809570787204,0.0066032289348698136,0.08126025433672857,0.1,1.8,-0.7
5,0.775,100.16720647799389,0.018040228111872034,0.13431391630010658,0.1,1.8,-0.7
5,0.7833333333333333,99.6270808866366,0.001230321327355078,0.03507593658557214,0.1,1.8,-0.7
5,0.7916666666666666,98.82656398056785,0.0021070024568403014,0.04590209643186574,0.1,1.8,-0.7
5,0.8,98.61570175303007,0.0018401982208151463,0.04289753164012058,0.1,1.8,-0.7
5,0.8083333333333333,98.27731544796548,0.00037325570869261394,0.0193198268287429,0.1,1.8,-0.7
5,0.8166666666666667,97.79450076594252,0.0006875246194448367,0.026220690674443277,0.1,1.8,-0.7
5,0.825,97.51660316105438,0.0006370744938604117,0.025240334662211032,0.1,1.8,-0.7
5,0.8333333333333334,96.95415180044269,0.0010880761888260827,0.03298599989125815,0.1,1.8,-0.7
5,0.8416666666666667,96.92933633686579,0.004055195085092978,0.0636804136692985,0.1,1.8,-0.7
5,0.85,97.11968878458333,0.0018370623038971435,0.042860964803619894,0.1,1.8,-0.7
5,0.8583333333333333,96.77041778032726,0.0008327365553152963,0.028857175109759034,0.1,1.8,-0.7
5,0.8666666666666667,96.66482316731266,0.001546663845452603,0.039327647341947665,0.1,1.8,-0.7
5,0.875,96.19547551659468,0.004677274387566189,0.06839060160260464,0.1,1.8,-0.7
5,0.8833333333333333,96.31687507753169,0.0010624789330422057,0.03259568887203039,0.1,1.8,-0.7
5,0.8916666666666666,96.26226781389617,0.0008169878180684726,0.028582998759200767,0.1,1.8,-0.7
5,0.9,96.13797991411484,0.0025514219705646025,0.05051160233614256,0.1,1.8,-0.7
5,0.9083333333333333,95.95126951764607,0.0016228463733951254,0.04028456743462843,0.1,1.8,-0.7
5,0.9166666666666666,96.18146527306422,0.00349374182485569,0.05910788293329148,0.1,1.8,-0.7
5,0.9249999999999999,96.28424121536395,0.0024223021367611535,0.049216888735079074,0.1,1.8,-0.7
5,0.9333333333333333,96.31359345640797,0.004671029583299653,0.0683449309261459,0.1,1.8,-0.7
5,0.9416666666666667,96.44413066415316,0.001171133422317931,0.03422182669463936,0.1,1.8,-0.7
5,0.95,96.43135979448743,0.0021137736338680915,0.04597579399932199,0.1,1.8,-0.7
5,0.9583333333333334,96.50267579786215,0.0018379673649019386,0.04287152160702881,0.1,1.8,-0.7
5,0.9666666666666667,96.37469973120258,0.0006941956230722606,0.026347592358169285,0.1,1.8,-0.7
5,0.975,96.03935540685528,0.0003518260526609869,0.01875702675428563,0.1,1.8,-0.7
5,0.9833333333333333,95.9255326810676,0.0018989100626924291,0.04357648520351807,0.1,1.8,-0.7
5,0.9916666666666667,95.46341395140453,0.0010440710636466686,0.032312088506419215,0.1,1.8,-0.7
5,1.0,95.261582064362,0.0005252871771040048,0.022919144336209517,0.1,1.8,-0.7
6,0.0,100.0,0.04000000000000001,0.2,0.1,1.8,-0.7
6,0.008333333333333333,100.04738114342469,0.01929372947036221,0.13890186993112155,0.1,1.8,-0.7
6,0.016666666666666666,99.38321407220805,0.057471604965506046,0.2397323611144437,0.1,1.8,-0.7
6,0.025,99.03494240660275,0.0031896014084871827,0.05647655627326424,0.1,1.8,-0.7
6,0.03333333333333333,98.05848630928332,0.0025056930410126657,0.05005689803626135,0.1,1.8,-0.7
6,0.041666666666666664,97.76366921844574,0.002566847345540484,0.050664063650091115,0.1,1.8,-0.7
6,0.05,97.65443022169768,0.01893370466027435,0.1375997989107337,0.1,1.8,-0.7
6,0.058333333333333334,98.06243364623668,0.011233621680718588,0.1059887809191076,0.1,1.8,-0.7
6,0.06666666666666667,96.73233650022465,0.018819295336528732,0.13718343681555997,0.1,1.8,-0.7
6,0.075,96.63469283062379,0.003935701552168319,0.06273516997799813,0.1,1.8,-0.7
6,0.08333333333333333,96.1552431087765,0.0025513610274403614,0.05051099907386867,0.1,1.8,-0.7
6,0.09166666666666666,95.6560214937763,0.007756714875900151,0.08807221398318626,0.1,1.8,-0.7
6,0.1,95.76890370867079,0.006657878960178925,0.08159582685517026,0.1,1.8,-0.7
6,0.10833333333333334,95.74571165231288,0.010784004035001625,0.10384605931378246,0.1,1.8,-0.7
6,0.11666666666666667,95.5206312608569,0.0064873541911666145,0.08054411332410714,0.1,1.8,-0.7
6,0.125,95.14179497058892,0.009120807546567775,0.09550291904736617,0.1,1.8,-0.7
6,0.13333333333333333,95.23507116454613,0.008856488503979486,0.09410891830203706,0.1,1.8,-0.7
6,0.14166666666666666,94.86330119905462,0.016251139182978682,0.1274799560047723,0.1,1.8,-0.7
6,0.15,94.87331656494756,0.021045361524344074,0.1450701951620114,0.1,1.8,-0.7
6,0.15833333333333333,94.82620714138366,0.002673576131595604,0.05170663527629316,0.1,1.8,-0.7
6,0.16666666666666666,93.98750567980733,0.0008037165747572125,0.02834989549817093,0.1,1.8,-0.7
6,0.175,93.36366663008396,0.00829455697141385,0.09107445839209723,0.1,1.8,-0.7
6,0.18333333333333332,93.51064336798729,0.015676192701411237,0.1252046033555126,0.1,1.8,-0.7
6,0.19166666666666665,93.7571144853658,0.0029762562694841937,0.0545550755611629,0.1,1.8,-0.7
6,0.2,93.62256992696473,0.0009208406606414474,0.030345356492245193,0.1,1.8,-0.7
6,0.20833333333333334,93.46355148361631,0.0032103349331428694,0.05665981762362873,0.1,1.8,-0.7
6,0.21666666666666667,93.68048309815207,0.008086589677791836,0.08992546734819806,0.1,1.8,-0.7
6,0.225,94.10706296827148,0.02598962902886273,0.16121299274209486,0.1,1.8,-0.7
6,0.23333333333333334,95.30541388689397,0.013896020752534844,0.11788138424931582,0.1,1.8,-0.7
6,0.24166666666666667,95.568899362796,0.0064708252450889625,0.0804414398496755,0.1,1.8,-0.7
6,0.25,95.42988671349096,0.00324368709407924,0.05695337649410472,0.1,1.8,-0.7
6,0.2583333333333333,95.25877019634132,0.005474028874973352,0.07398668038892779,0.1,1.8,-0.7
6,0.26666666666666666,94.88608767639217,0.004218823868261733,0.06495247391948773,0.1,1.8,-0.7
6,0.275,94.58638184399577,0.0019755817943446093,0.044447517302371446,0.1,1.8,-0.7
6,0.2833333333333333,94.43280738572811,0.02515580741745853,0.15860582403385612,0.1,1.8,-0.7
6,0.2916666666666667,95.32586835242026,0.04078808108615832,0.2019605929040572,0.1,1.8,-0.7
6,0.3,96.50724051315287,0.03659641610674335,0.1913018978127069,0.1,1.8,-0.7
6,0.30833333333333335,97.34635564644807,0.006744154060533822,0.0821227986647668,0.1,1.8,-0.7
6,0.31666666666666665,96.65397027467999,0.022656007770529726,0.1505191275902492,0.1,1.8,-0.7
6,0.325,97.27099948378367,0.023544205892077567,0.15344121314717754,0.1,1.8,-0.7
6,0.3333333333333333,97.60916538571624,0.022142498081504827,0.14880355533892606,0.1,1.8,-0.7
6,0.3416666666666667,97.68177522301674,0.04937672352334621,0.22220873862957372,0.1,1.8,-0.7
6,0.35,98.80629260674044,0.03820380483185843,0.19545793622121982,0.1,1.8,-0.7
6,0.35833333333333334,99.56562386413388,0.045292403935683546,0.21282012107806805,0.1,1.8,-0.7
6,0.36666666666666664,100.09068408024676,0.046248244787036895,0.21505405085009882,0.1,1.8,-0.7
6,0.375,100.82778781839339,0.03801559951932625,0.1949758947134908,0.1,1.8,-0.7
6,0.3833333333333333,101.34351033650361,0.005183372180338661,0.07199564000923014,0.1,1.8,-0.7
6,0.39166666666666666,100.93349484787632,0.0149207308892908,0.12215044367209969,0.1,1.8,-0.7
6,0.4,100.42101719484691,0.00864263716620637,0.09296578492223023,0.1,1.8,-0.7
6,0.4083333333333333,100.14335247027665,0.0036320847246209126,0.06026677961050277,0.1,1.8,-0.7
6,0.4166666666666667,99.87644601238014,0.03839978282752986,0.19595862529506033,0.1,1.8,-0.7
6,0.425,101.2721026069839,0.0739761291892674,0.27198553121309116,0.1,1.8,-0.7
6,0.43333333333333335,103.33072507093867,0.08571743783653775,0.2927754051086562,0.1,1.8,-0.7
6,0.44166666666666665,104.87025949023472,0.04148094975993086,0.20366872553224968,0.1,1.8,-0.7
6,0.45,106.02129834134084,0.10666449341205825,0.3265953052510986,0.1,1.8,-0.7
6,0.4583333333333333,108.24781175711968,0.04227438699638835,0.20560736124075993,0.1,1.8,-0.7
6,0.4666666666666667,108.75317331846286,0.04328387591866265,0.20804777316439282,0.1,1.8,-0.7
6,0.475,108.90607351433808,0.01243615997975753,0.11151753216314254,0.1,1.8,-0.7
6,0.48333333333333334,108.28860876617071,0.03198460186027934,0.17884239391229179,0.1,1.8,-0.7
6,0.49166666666666664,108.46719472659525,0.026352457377868604,0.16233439985988368,0.1,1.8,-0.7
6,0.5,108.24317950340432,0.007202357768703592,0.0848667058904939,0.1,1.8,-0.7
6,0.5083333333333333,107.7165301345217,0.014544351186671241,0.12059996346048883,0.1,1.8,-0.7
6,0.5166666666666666,107.76721309293804,0.01445991860245447,0.1202494016719188,0.1,1.8,-0.7
6,0.525,107.76177776173867,0.08175846292601134,0.28593436821412593,0.1,1.8,-0.7
6,0.5333333333333333,110.06222095644442,0.06304457829025276,0.25108679433664516,0.1,1.8,-0.7
6,0.5416666666666666,111.08644293109373,0.033192244721877685,0.18218738903084836,0.1,1.8,-0.7
6,0.55,111.33868534853971,0.0370635370729349,0.19251892653174363,0.1,1.8,-0.7
6,0.5583333333333333,111.26888463136645,0.03080913732600529,0.17552531819086753,0.1,1.8,-0.7
6,0.5666666666666667,111.36493548915237,0.02314935126229152,0.15214910864770625,0.1,1.8,-0.7
6,0.575,111.18571181838611,0.009047022931545919,0.09511583954077217,0.1,1.8,-0.7
6,0.5833333333333334,110.75202587477621,0.014708128963740987,0.12127707517804422,0.1,1.8,-0.7
6,0.5916666666666667,110.33762446725102,0.008297387270904948,0.09108999544903353,0.1,1.8,-0.7
6,0.6,109.75064182817214,0.004134422241513104,0.06429947310447501,0.1,1.8,-0.7
6,0.6083333333333333,108.99652244532292,0.014879735602654499,0.12198252170968799,0.1,1.8,-0.7
6,0.6166666666666667,109.0684543140847,0.017145067971374543,0.13093917661026644,0.1,1.8,-0.7
6,0.625,108.51005679681667,0.002601359923640398,0.051003528541076426,0.1,1.8,-0.7
6,0.6333333333333333,108.04156246879883,0.006819023132308313,0.08257737663735942,0.1,1.8,-0.7
6,0.6416666666666666,107.75561735640163,0.020453251289384956,0.14301486387569984,0.1,1.8,-0.7
6,0.65,107.93101852864613,0.0316444576917745,0.1778888914231985,0.1,1.8,-0.7
6,0.6583333333333333,108.66834123935455,0.042184664835046376,0.20538905724270312,0.1,1.8,-0.7
6,0.6666666666666666,109.34989711587733,0.021872491949742313,0.14789351557706076,0.1,1.8,-0.7
6,0.675,109.66041022854931,0.008843843224947317,0.09404171002777074,0.1,1.8,-0.7
6,0.6833333333333333,109.26103060055199,0.0050918994853190605,0.07135754680003413,0.1,1.8,-0.7
6,0.6916666666666667,108.61135753053956,0.013691411774581013,0.11701030627505003,0.1,1.8,-0.7
6,0.7,108.56386059993787,0.01671900746429649,0.1293020010065447,0.1,1.8,-0.7
6,0.7083333333333334,108.82123120954641,0.044216194391472056,0.21027647132161995,0.1,1.8,-0.7
6,0.7166666666666667,109.87690802810009,0.055081296622546114,0.23469404897130672,0.1,1.8,-0.7
6,0.725,110.5474589426735,0.022861766445258044,0.15120107951088857,0.1,1.8,-0.7
6,0.7333333333333333,110.91718185286389,0.006956044148585474,0.08340290251895,0.1,1.8,-0.7
6,0.7416666666666667,110.34932318986911,0.01038178777748349,0.10189105837846367,0.1,1.8,-0.7
6,0.75,109.80478661727935,0.01584200354155569,0.1258650211200701,0.1,1.8,-0.7
6,0.7583333333333333,109.87359399846649,0.01173672871809049,0.10833618378958385,0.1,1.8,-0.7
6,0.7666666666666666,109.70879418720081,0.007697204339436812,0.08773371267327522,0.1,1.8,-0.7
6,0.775,109.42936034419424,0.013913585098156241,0.11795586080460878,0.1,1.8,-0.7
6,0.7833333333333333,109.09064412988658,0.00769849862225927,0.08774108856322259,0.1,1.8,-0.7
6,0.7916666666666666,108.2831132417631,0.0058302071801991685,0.0763557933636942,0.1,1.8,-0.7
6,0.8,108.0987989550859,0.011747314588204123,0.10838502935463054,0.1,1.8,-0.7
6,0.8083333333333333,108.05017193155679,0.007019479522486266,0.08378233419096336,0.1,1.8,-0.7
6,0.8166666666666667,107.48457164302386,0.011354532784568992,0.1065576500518334,0.1,1.8,-0.7
6,0.825,107.38339076493668,0.01299940504465694,0.11401493342828797,0.1,1.8,-0.7
6,0.8333333333333334,107.79489121388703,0.0038214604216868144,0.061817961966460964,0.1,1.8,-0.7
6,0.8416666666666667,107.4715577039279,0.004832049535640132,0.06951294509399046,0.1,1.8,-0.7
6,0.85,107.48448878047577,0.026211812718948437,0.16190062606101446,0.1,1.8,-0.7
6,0.8583333333333333,107.95621054079113,0.003920560228082943,0.06261437716757186,0.1,1.8,-0.7
6,0.8666666666666667,107.6809338067749,0.0010586177249591858,0.032536406146948464,0.1,1.8,-0.7
6,0.875,106.8627571116,0.0007122058178888344,0.026687184525326653,0.1,1.8,-0.7
6,0.8833333333333333,106.75929587020431,0.0026332273204874544,0.05131498144292224,0.1,1.8,-0.7
6,0.8916666666666666,106.79784501877097,0.0032111685572207803,0.056667173541837965,0.1,1.8,-0.7
6,0.9,106.68540995683242,0.0031524565339996094,0.05614674108084644,0.1,1.8,-0.7
6,0.9083333333333333,106.59854095336514,0.011300225062966603,0.10630251672922238,0.1,1.8,-0.7
6,0.9166666666666666,106.10399810007986,0.00047706667755824096,0.0218418560923343,0.1,1.8,-0.7
6,0.9249999999999999,105.91415254825857,0.0034463208618418758,0.0587053733643001,0.1,1.8,-0.7
6,0.9333333333333333,105.96551365601283,0.013510605182679346,0.11623512886679029,0.1,1.8,-0.7
6,0.9416666666666667,106.60996561183738,0.0019511674463084624,0.044172021080186745,0.1,1.8,-0.7
6,0.95,106.52415009584405,0.002623137812883263,0.051216577520205926,0.1,1.8,-0.7
6,0.9583333333333334,106.53806414302062,0.0017373551835063693,0.04168159286191411,0.1,1.8,-0.7
6,0.9666666666666667,106.26579676839681,0.0012680006855809414,0.03560899725604389,0.1,1.8,-0.7
6,0.975,105.9153493465193,0.0017545941932506463,0.04188787644713738,0.1,1.8,-0.7
6,0.9833333333333333,105.9360739582424,0.008981070119166618,0.09476850805603419,0.1,1.8,-0.7
6,0.9916666666666667,106.11666588587892,0.02267523094690578,0.1505829703084176,0.1,1.8,-0.7
6,1.0,106.65304605882481,0.005294722250911861,0.07276484213486524,0.1,1.8,-0.7
7,0.0,100.0,0.04000000000000001,0.2,0.1,1.8,-0.7
7,0.008333333333333333,99.96814990611412,0.17975060638109958,0.42397005363716384,0.1,1.8,-0.7
7,0.016666666666666666,102.69455684279734,0.06876513139232165,0.2622310648880518,0.1,1.8,-0.7
7,0.025,103.50905360601918,0.33313567041963904,0.5771790627003366,0.1,1.8,-0.7
7,0.03333333333333333,107.49016334402452,0.10550155496448599,0.32481002903926165,0.1,1.8,-0.7
7,0.041666666666666664,107.59284239539241,0.1110080424961096,0.33317869454109694,0.1,1.8,-0.7
7,0.05,107.92255255942246,0.13504334546133984,0.3674824423851292,0.1,1.8,-0.7
7,0.058333333333333334,109.53456571075778,2.0656143058882366,1.437224514781263,0.1,1.8,-0.7
7,0.06666666666666667,126.81625149492201,0.6556761630791732,0.8097383300049302,0.1,1.8,-0.7
7,0.075,128.00804681508077,0.1645935045602935,0.4057012503804906,0.1,1.8,-0.7
7,0.08333333333333333,127.63152472227962,0.5289571399577335,0.7272943970344702,0.1,1.8,-0.7
7,0.09166666666666666,130.72569507523755,0.19636483634395094,0.44313072150771826,0.1,1.8,-0.7
7,0.1,130.6691636313833,0.1377884552831946,0.3711986736010712,0.1,1.8,-0.7
7,0.10833333333333334,129.57638819444992,0.4087442018871515,0.6393310581280652,0.1,1.8,-0.7
7,0.11666666666666667,132.27321479798948,0.23766440396384234,0.48750836296810574,0.1,1.8,-0.7
7,0.125,131.92643041202152,0.27972841005269417,0.5288935715743709,0.1,1.8,-0.7
7,0.13333333333333333,132.80305893559958,0.22635139779763233,0.4757640148199865,0.1,1.8,-0.7
7,0.14166666666666666,132.45016267433593,0.2895082463930726,0.538059705230816,0.1,1.8,-0.7
7,0.15,132.83858724587103,0.3353909453131531,0.5791294719776857,0.1,1.8,-0.7
7,0.15833333333333333,130.07415085950024,0.040079719983494175,0.2001992007563821,0.1,1.8,-0.7
7,0.16666666666666666,128.5776541289456,0.2256268601136875,0.4750019580103723,0.1,1.8,-0.7
7,0.175,127.91333897305651,0.0638617217148974,0.2527087685754046,0.1,1.8,-0.7
7,0.18333333333333332,126.4302758654566,0.02951590219392718,0.17180192721249427,0.1,1.8,-0.7
7,0.19166666666666665,125.25270599666575,0.06957618731686083,0.26377298443332065,0.1,1.8,-0.7
7,0.2,124.79251127784238,0.08558361941651865,0.2925467815863279,0.1,1.8,-0.7
7,0.20833333333333334,124.81368069774604,0.044721491631458346,0.21147456497521952,0.1,1.8,-0.7
7,0.21666666666666667,124.14857804296858,0.1513987283775285,0.38909989511374643,0.1,1.8,-0.7
7,0.225,123.68259585248938,0.02756410032252297,0.16602439676903805,0.1,1.8,-0.7
7,0.23333333333333334,122.3017034272094,0.04185274295590649,0.20457942945444563,0.1,1.8,-0.7
7,0.24166666666666667,121.66501641710737,0.03325873229751197,0.18236976804698737,0.1,1.8,-0.7
7,0.25,120.59133313163515,0.0481635737105614,0.21946200972050128,0.1,1.8,-0.7
7,0.2583333333333333,120.53078530908897,0.0687363792647699,0.2621762370329735,0.1,1.8,-0.7
7,0.26666666666666666,119.97289870661936,0.023663368023856633,0.15382902204674068,0.1,1.8,-0.7
7,0.275,118.80754513745751,0.08690194217650239,0.29479135363253517,0.1,1.8,-0.7
7,0.2833333333333333,119.43859611072727,0.06358820240939508,0.2521670129287237,0.1,1.8,-0.7
7,0.2916666666666667,119.26111418249259,0.01048028247893112,0.10237325079790677,0.1,1.8,-0.7
7,0.3,117.92311423155893,0.0053421564934234755,0.0730900574183895,0.1,1.8,-0.7
7,0.30833333333333335,116.81125266444856,0.0194047082588268,0.13930078341067145,0.1,1.8,-0.7
7,0.31666666666666665,116.27382638915253,0.01888642421405593,0.13742788732297362,0.1,1.8,-0.7
7,0.325,116.04629305717407,0.02168842949158507,0.14726992052549315,0.1,1.8,-0.7
7,0.3333333333333333,115.64813531817312,0.02440379139814694,0.15621712901646523,0.1,1.8,-0.7
7,0.3416666666666667,115.23426045785415,0.032634909737675404,0.18065134856312423,0.1,1.8,-0.7
7,0.35,115.31692015858367,0.07223633623813544,0.26876818308374123,0.1,1.8,-0.7
7,0.35833333333333334,115.1278837015876,0.014776018706808223,0.1215566481390805,0.1,1.8,-0.7
7,0.36666666666666664,114.09117969731406,0.009458258411758206,0.09725357788666804,0.1,1.8,-0.7
7,0.375,113.46013674469854,0.007360783335169179,0.08579500763546315,0.1,1.8,-0.7
7,0.3833333333333333,112.69802089133263,0.020695171399734414,0.14385816417476768,0.1,1.8,-0.7
7,0.39166666666666666,112.79559758158477,0.06252703146827517,0.2500540570922119,0.1,1.8,-0.7
7,0.4,113.40069049318856,0.020805806823256834,0.1442421811512043,0.1,1.8,-0.7
7,0.4083333333333333,112.78710754030428,0.002565374402211481,0.05064952519235971,0.1,1.8,-0.7
7,0.4166666666666667,112.12992250893623,0.0024608271812520794,0.049606725161535095,0.1,1.8,-0.7
7,0.425,111.57267917163948,0.0037510084197447963,0.06124547672885563,0.1,1.8,-0.7
7,0.43333333333333335,111.13957451246394,0.004474381204652785,0.0668908155478223,0.1,1.8,-0.7
7,0.44166666666666665,110.60484116008796,0.005057045620724499,0.0711129075535834,0.1,1.8,-0.7
7,0.45,110.62808427902182,0.007731923900616874,0.08793135902860182,0.1,1.8,-0.7
7,0.4583333333333333,110.43018133599024,0.0063742092127293615,0.07983864485779654,0.1,1.8,-0.7
7,0.4666666666666667,110.19128781307157,0.022298188506359208,0.1493257797781723,0.1,1.8,-0.7
7,0.475,110.64327806071154,0.006825953365045163,0.08261932803554604,0.1,1.8,-0.7
7,0.48333333333333334,110.46685466152522,0.0046378721974612925,0.06810192506428356,0.1,1.8,-0.7
7,0.49166666666666664,110.21420491418124,0.012996021443486763,0.11400009405034174,0.1,1.8,-0.7
7,0.5,110.10098534734945,0.002549513371774535,0.05049270612449421,0.1,1.8,-0.7
7,0.5083333333333333,109.69511223803664,0.009678367700726793,0.0983786953599548,0.1,1.8,-0.7
7,0.5166666666666666,109.89676960026057,0.009485479892864447,0.09739342838643913,0.1,1.8,-0.7
7,0.525,110.11383090697905,0.008210878880124669,0.09061390003815457,0.1,1.8,-0.7
7,0.5333333333333333,109.72250314004016,0.04105490982629251,0.2026201120972262,0.1,1.8,-0.7
7,0.5416666666666666,110.99758246515499,0.009136263086493039,0.09558380138126459,0.1,1.8,-0.7
7,0.55,110.89449107313561,0.08609572297128279,0.2934207268944762,0.1,1.8,-0.7
7,0.5583333333333333,113.41978441694773,0.02024533688153352,0.14228610923605128,0.1,1.8,-0.7
7,0.5666666666666667,113.13673753159591,0.006376771481423606,0.07985468978979009,0.1,1.8,-0.7
7,0.575,112.76934959148876,0.01428002814329268,0.11949907172565266,0.1,1.8,-0.7
7,0.5833333333333334,112.5149698345207,0.005285668003099688,0.07270259969973349,0.1,1.8,-0.7
7,0.5916666666666667,111.84335635370844,0.005167968201299976,0.07188858185623066,0.1,1.8,-0.7
7,0.6,111.19737022686097,0.012767418094114715,0.112993000199635,0.1,1.8,-0.7
7,0.6083333333333333,111.00603645348369,0.018361805275810068,0.135505738903598,0.1,1.8,-0.7
7,0.6166666666666667,111.07507622032216,0.0075752105274054585,0.0870356853675862,0.1,1.8,-0.7
7,0.625,110.99999825612578,0.02765141033422147,0.1662871321967562,0.1,1.8,-0.7
7,0.6333333333333333,111.67735754716934,0.04641177435633768,0.2154339210902909,0.1,1.8,-0.7
7,0.6416666666666666,112.68773059231526,0.08484135950193032,0.29127540147072206,0.1,1.8,-0.7
7,0.65,114.42268024865966,0.05370462639660964,0.23174258649762594,0.1,1.8,-0.7
7,0.6583333333333333,115.27316263979363,0.12279955245637528,0.35042767079152765,0.1,1.8,-0.7
7,0.6666666666666666,117.26486470849402,0.008427503896337682,0.09180143733263485,0.1,1.8,-0.7
7,0.675,116.68221709547933,0.017183554477991293,0.13108605752707375,0.1,1.8,-0.7
7,0.6833333333333333,116.33778460476285,0.00952725542825158,0.09760766070473967,0.1,1.8,-0.7
7,0.6916666666666667,115.6288240508588,0.01837064347550571,0.13553834688200128,0.1,1.8,-0.7
7,0.7,115.47190668605525,0.01058221881129798,0.10286991207976208,0.1,1.8,-0.7
7,0.7083333333333334,115.1297261243106,0.013091850840069323,0.11441962611400774,0.1,1.8,-0.7
7,0.7166666666666667,114.65073724300687,0.08734190089185588,0.2955366320642094,0.1,1.8,-0.7
7,0.725,116.0945895330808,0.02451002072181926,0.15655676517423084,0.1,1.8,-0.7
7,0.7333333333333333,115.84306376016981,0.036674790850312625,0.1915066339590162,0.1,1.8,-0.7
7,0.7416666666666667,115.99666058708095,0.022220015179606173,0.14906379567019676,0.1,1.8,-0.7
7,0.75,115.68456517950865,0.026265534369840186,0.16206645047584706,0.1,1.8,-0.7
7,0.7583333333333333,115.72063137202636,0.02485889485491875,0.15766703794680342,0.1,1.8,-0.7
7,0.7666666666666666,115.73072196690204,0.03696283562535553,0.19225721215433123,0.1,1.8,-0.7
7,0.775,116.28727689469001,0.08211986059299949,0.2865656305159422,0.1,1.8,-0.7
7,0.7833333333333333,118.33797593414826,0.18036369474008157,0.42469247078336764,0.1,1.8,-0.7
7,0.7916666666666666,120.89864153708209,0.08059148792602068,0.2838863996848399,0.1,1.8,-0.7
7,0.8,121.73612384365262,0.09973319213756199,0.31580562398026096,0.1,1.8,-0.7
7,0.8083333333333333,121.61874028204161,0.021462610992762417,0.1465012320520289,0.1,1.8,-0.7
7,0.8166666666666667,120.29035875673458,0.035918831635349285,0.18952264148472944,0.1,1.8,-0.7
7,0.825,119.57925896772079,0.09041364919312973,0.30068862498127485,0.1,1.8,-0.7
7,0.8333333333333334,120.17358980866128,0.1125267893705735,0.33545012948361413,0.1,1.8,-0.7
7,0.8416666666666667,121.54517079889474,0.07524243655818871,0.27430354820561237,0.1,1.8,-0.7
7,0.85,122.33818418834835,0.13709641558846167,0.3702653313347898,0.1,1.8,-0.7
7,0.8583333333333333,123.82403001096179,0.117037266709742,0.34210709830364816,0.1,1.8,-0.7
7,0.8666666666666667,124.96341615635788,0.23894445326408248,0.4888194485329757,0.1,1.8,-0.7
7,0.875,127.79239809399832,0.1364501439958226,0.36939158625478,0.1,1.8,-0.7
7,0.8833333333333333,128.19279602912448,0.07163406689199309,0.2676454126115243,0.1,1.8,-0.7
7,0.8916666666666666,128.16008062582057,0.10934711434781016,0.33067675205222724,0.1,1.8,-0.7
7,0.9,126.44252739328688,0.005505016751102988,0.07419580009072607,0.1,1.8,-0.7
7,0.9083333333333333,125.56851971956523,0.04384628770194282,0.20939505176088288,0.1,1.8,-0.7
7,0.9166666666666666,122.87325226278384,0.0013053963546558257,0.03613026923032578,0.1,1.8,-0.7
7,0.9249999999999999,122.21762329525858,0.002490418536498119,0.04990409338419163,0.1,1.8,-0.7
7,0.9333333333333333,121.69005686202328,0.013514725862524737,0.11625285313713697,0.1,1.8,-0.7
7,0.9416666666666667,121.72255322423365,0.01983098455553022,0.14082252857952174,0.1,1.8,-0.7
7,0.95,121.75534074860971,0.005556190935735512,0.07453986138795478,0.1,1.8,-0.7
7,0.9583333333333334,121.35886887066438,0.006086337291258422,0.07801498119757783,0.1,1.8,-0.7
7,0.9666666666666667,120.74319053888355,0.03740024995939999,0.19339144231170102,0.1,1.8,-0.7
7,0.975,121.38753834395743,0.01151617482925567,0.10731344197841979,0.1,1.8,-0.7
7,0.9833333333333333,121.80980465193583,0.12389061684097233,0.3519809893175657,0.1,1.8,-0.7
7,0.9916666666666667,124.02793037173399,0.03271429912899256,0.1808709460609762,0.1,1.8,-0.7
7,1.0,124.22442617124912,0.0433141560482742,0.208120532500458,0.1,1.8,-0.7
8,0.0,100.0,0.04000000000000001,0.2,0.1,1.8,-0.7
8,0.008333333333333333,99.97955562796086,0.1303449437598793,0.36103316157920906,0.1,1.8,-0.7
8,0.016666666666666666,101.7837781361406,0.06295571374002724,0.25090977210947213,0.1,1.8,-0.7
8,0.025,101.37560304488136,0.019813467705928452,0.14076032006900402,0.1,1.8,-0.7
8,0.03333333333333333,100.27814258550426,0.029190648296914572,0.17085270936369307,0.1,1.8,-0.7
8,0.041666666666666664,100.19025716696451,0.029791820878165863,0.17260307320023552,0.1,1.8,-0.7
8,0.05,99.85038510810809,0.008209158828255379,0.09060440843720231,0.1,1.8,-0.7
8,0.058333333333333334,99.1772559206155,0.014155864349886613,0.1189784196814137,0.1,1.8,-0.7
8,0.06666666666666667,97.37767270742887,0.008594923699970978,0.09270881133943513,0.1,1.8,-0.7
8,0.075,97.3346229389972,0.03284911370730481,0.18124324458391494,0.1,1.8,-0.7
8,0.08333333333333333,97.61823557390431,0.020516385483751252,0.14323541979465573,0.1,1.8,-0.7
8,0.09166666666666666,97.33463730483585,0.015012415264890182,0.1225251617623506,0.1,1.8,-0.7
8,0.1,97.13125650002505,0.015846516385122435,0.1258829471577562,0.1,1.8,-0.7
8,0.10833333333333334,97.0258431351912,0.020878010977475343,0.14449225230951085,0.1,1.8,-0.7
8,0.11666666666666667,96.59873010116202,0.03261230874678605,0.18058878355752345,0.1,1.8,-0.7
8,0.125,97.1692317638538,0.00869670612350551,0.09325613182791526,0.1,1.8,-0.7
8,0.13333333333333333,96.80079394472862,0.005739687292378247,0.07576072394307123,0.1,1.8,-0.7
8,0.14166666666666666,96.12279258173623,0.03108648502742534,0.17631359853234616,0.1,1.8,-0.7
8,0.15,96.66580225159773,0.01157779263616455,0.10760015165493285,0.1,1.8,-0.7
8,0.15833333333333333,96.41645987563544,0.0038394735683955285,0.06196348576698642,0.1,1.8,-0.7
8,0.16666666666666666,95.83778693773057,0.013818031096946948,0.11755012163731243,0.1,1.8,-0.7
8,0.175,95.54096025850927,0.017645917825367324,0.1328379382005281,0.1,1.8,-0.7
8,0.18333333333333332,95.66055625789369,0.0032434165074224086,0.05695100093433309,0.1,1.8,-0.7
8,0.19166666666666665,95.36467144314794,0.010018560699401893,0.10009276047448133,0.1,1.8,-0.7
8,0.2,95.30584312291737,0.01875317805937106,0.1369422435166412,0.1,1.8,-0.7
8,0.20833333333333334,95.74335957275356,0.017519718799999518,0.132362074628647,0.1,1.8,-0.7
8,0.21666666666666667,96.20035997705249,0.024636737700953284,0.15696094323414753,0.1,1.8,-0.7
8,0.225,95.97305701724363,0.004397971491795179,0.06631720358847452,0.1,1.8,-0.7
8,0.23333333333333334,95.4395261718025,0.01334294210016686,0.11551165352537751,0.1,1.8,-0.7
8,0.24166666666666667,95.50444411718495,0.008643833681292226,0.09297221994387476,0.1,1.8,-0.7
8,0.25,95.25860978811585,0.0066394254426283975,0.08148266958457116,0.1,1.8,-0.7
8,0.2583333333333333,95.22891162477742,0.02042648587223826,0.14292125759395716,0.1,1.8,-0.7
8,0.26666666666666666,95.47309423265689,0.0496058162364233,0.22272363196666695,0.1,1.8,-0.7
8,0.275,96.56277820446348,0.10452566659537654,0.32330429411836853,0.1,1.8,-0.7
8,0.2833333333333333,99.06070861220786,0.10863946382102883,0.32960501182632046,0.1,1.8,-0.7
8,0.2916666666666667,100.98369240872957,0.0377965030945743,0.1944132276738759,0.1,1.8,-0.7
8,0.3,100.5629009050646,0.04763918451699498,0.218264024788775,0.1,1.8,-0.7
8,0.30833333333333335,100.7310791767668,0.07140532161574173,0.2672177419553981,0.1,1.8,-0.7
8,0.31666666666666665,101.68404303003891,0.0458544854853013,0.2141366047300211,0.1,1.8,-0.7
8,0.325,102.02919451524019,0.043186552346167015,0.20781374436299205,0.1,1.8,-0.7
8,0.3333333333333333,101.9108412656969,0.07926302280837687,0.28153689422236805,0.1,1.8,-0.7
8,0.3416666666666667,102.85550493188272,0.04244875099894837,0.2060309467020631,0.1,1.8,-0.7
8,0.35,102.71183054107182,0.02019002662093948,0.14209161347855642,0.1,1.8,-0.7
8,0.35833333333333334,102.29703054639346,0.0200342150384604,0.14154227297334318,0.1,1.8,-0.7
8,0.36666666666666664,101.82118550933774,0.0460599586277031,0.21461583964773687,0.1,1.8,-0.7
8,0.375,102.40028398869273,0.03148887214319049,0.17745104153875932,0.1,1.8,-0.7
8,0.3833333333333333,102.25171759918878,0.04122763947382557,0.20304590484377066,0.1,1.8,-0.7
8,0.39166666666666666,102.66883152831011,0.060549318655458144,0.24606771152562487,0.1,1.8,-0.7
8,0.4,102.81744611639915,0.027104190729300214,0.16463350427328033,0.1,1.8,-0.7
8,0.4083333333333333,102.79393130282884,0.0640693699452724,0.25311928007418244,0.1,1.8,-0.7
8,0.4166666666666667,103.59059188721794,0.05597900178227486,0.23659882033153687,0.1,1.8,-0.7
8,0.425,103.36160991915861,0.013122570145838189,0.11455378713005603,0.1,1.8,-0.7
8,0.43333333333333335,102.77653626050864,0.09956438073001098,0.31553823972699563,0.1,1.8,-0.7
8,0.44166666666666665,104.01454398893557,0.026511515719324467,0.16282357236998724,0.1,1.8,-0.7
8,0.45,103.26151242228848,0.007082288826961745,0.08415633563173806,0.1,1.8,-0.7
8,0.4583333333333333,102.53576348229467,0.007161011143905809,0.08462275783680068,0.1,1.8,-0.7
8,0.4666666666666667,102.44772150649945,0.005608056671782869,0.07488695929053915,0.1,1.8,-0.7
8,0.475,101.93837156387681,0.011970623322549856,0.10941034376396894,0.1,1.8,-0.7
8,0.48333333333333334,101.94509941502452,0.009960137556079107,0.09980048875671454,0.1,1.8,-0.7
8,0.49166666666666664,101.69349072997139,0.009082577083258226,0.09530255549175072,0.1,1.8,-0.7
8,0.5,101.62508136809907,0.02090024268524583,0.1445691622900466,0.1,1.8,-0.7
8,0.5083333333333333,101.80565218656872,0.02071350503415116,0.14392187128491332,0.1,1.8,-0.7
8,0.5166666666666666,102.15808993751698,0.022554689211379427,0.15018218673124795,0.1,1.8,-0.7
8,0.525,102.54407632074535,0.026844976457889986,0.16384436657355658,0.1,1.8,-0.7
8,0.5333333333333333,102.68111938448641,0.03624896415347644,0.1903916073609245,0.1,1.8,-0.7
8,0.5416666666666666,103.14774825734034,0.0033735262886654435,0.05808206512052962,0.1,1.8,-0.7
8,0.55,102.73106922455123,0.00820449786434826,0.09057868327784556,0.1,1.8,-0.7
8,0.5583333333333333,102.20154924033356,0.0014668214604864804,0.03829910521783088,0.1,1.8,-0.7
8,0.5666666666666667,101.97970530660226,0.0060898884988585065,0.07803773765851049,0.1,1.8,-0.7
8,0.575,101.94929335293946,0.006958726127335648,0.08341897941916844,0.1,1.8,-0.7
8,0.5833333333333334,101.98719359759771,0.02017281168184309,0.14203102365977333,0.1,1.8,-0.7
8,0.5916666666666667,102.32004672796857,0.034211788246969216,0.18496428911270743,0.1,1.8,-0.7
8,0.6,103.07231031447594,0.019713816511185072,0.14040589913242632,0.1,1.8,-0.7
8,0.6083333333333333,103.08588511335644,0.010228371182754811,0.10113541013292432,0.1,1.8,-0.7
8,0.6166666666666667,102.81174154957563,0.02088223369799809,0.14450686384389527,0.1,1.8,-0.7
8,0.625,102.71006302612292,0.009543572128500403,0.09769120804095117,0.1,1.8,-0.7
8,0.6333333333333333,102.44090081845131,0.012781759921568145,0.11305644573206848,0.1,1.8,-0.7
8,0.6416666666666666,102.24782411541146,0.03249074824329026,0.1802519021904908,0.1,1.8,-0.7
8,0.65,102.62678141344216,0.010651272274666968,0.10320500120956817,0.1,1.8,-0.7
8,0.6583333333333333,102.3460118542659,0.030012295023185386,0.17324056979583444,0.1,1.8,-0.7
8,0.6666666666666666,102.61038616801652,0.03459138447273011,0.18598759225477948,0.1,1.8,-0.7
8,0.675,103.39921365203989,0.00896221558673267,0.09466897900966646,0.1,1.8,-0.7
8,0.6833333333333333,103.19121430388182,0.03713719895194154,0.19271014231726763,0.1,1.8,-0.7
8,0.6916666666666667,103.95688828130105,0.039843652797618416,0.1996087493012729,0.1,1.8,-0.7
8,0.7,104.48681731735756,0.027068149239648696,0.1645240080950154,0.1,1.8,-0.7
8,0.7083333333333334,104.49857717186752,0.011625675841906583,0.10782242736048277,0.1,1.8,-0.7
8,0.7166666666666667,104.01401660045134,0.00789725927205999,0.08886652503648373,0.1,1.8,-0.7
8,0.725,103.55177294490797,0.008141081341091155,0.09022794102211995,0.1,1.8,-0.7
8,0.7333333333333333,103.08022390941147,0.019572575834641694,0.1399020222678775,0.1,1.8,-0.7
8,0.7416666666666667,103.04570576656943,0.006069606069293143,0.07790767657486099,0.1,1.8,-0.7
8,0.75,102.04365695330839,0.016246964407694353,0.12746358071109706,0.1,1.8,-0.7
8,0.7583333333333333,102.18449630037139,0.004131441493392353,0.06427629028959553,0.1,1.8,-0.7
8,0.7666666666666666,101.81860702846174,0.00730855518593342,0.08549008823210688,0.1,1.8,-0.7
8,0.775,101.62280482023492,0.009885357408625492,0.09942513469251874,0.1,1.8,-0.7
8,0.7833333333333333,101.91869769547316,0.0949681614695619,0.30816904690374386,0.1,1.8,-0.7
8,0.7916666666666666,103.27540657146362,0.006098261689252043,0.07809136757191568,0.1,1.8,-0.7
8,0.8,103.06064711038239,0.049328701635838586,0.22210065654076439,0.1,1.8,-0.7
8,0.8083333333333333,104.05680505924659,0.02355614104214998,0.15348009982453745,0.1,1.8,-0.7
8,0.8166666666666667,103.87093681832779,0.029114221864519483,0.17062890102359413,0.1,1.8,-0.7
8,0.825,104.15053734597441,0.023998708311506453,0.1549151648855155,0.1,1.8,-0.7
8,0.8333333333333334,103.66720222567278,0.03187006576073861,0.17852189154481476,0.1,1.8,-0.7
8,0.8416666666666667,103.91181735155048,0.020134647638362178,0.14189660897414771,0.1,1.8,-0.7
8,0.85,104.17581145697875,0.08079738458120904,0.2842488075282094,0.1,1.8,-0.7
8,0.8583333333333333,105.5018381088262,0.021121078143061855,0.14533092631323127,0.1,1.8,-0.7
8,0.8666666666666667,105.31924036392824,0.07182489755344777,0.268001674534783,0.1,1.8,-0.7
8,0.875,106.19931778420478,0.018995932684148394,0.13782573302597884,0.1,1.8,-0.7
8,0.8833333333333333,106.03446591619849,0.02410982764375141,0.1552733964455966,0.1,1.8,-0.7
8,0.8916666666666666,105.91729561207083,0.00898421313228507,0.09478508918751445,0.1,1.8,-0.7
8,0.9,105.59710927014433,0.02576484959393497,0.16051432831350282,0.1,1.8,-0.7
8,0.9083333333333333,106.15079496834025,0.0778832195107191,0.2790756519489278,0.1,1.8,-0.7
8,0.9166666666666666,107.19346495373637,0.029608934582424768,0.17207246898450887,0.1,1.8,-0.7
8,0.9249999999999999,107.16676128187628,0.02352712563028168,0.1533855457019392,0.1,1.8,-0.7
8,0.9333333333333333,107.18362096038793,0.008936752889962842,0.09453440056383096,0.1,1.8,-0.7
8,0.9416666666666667,106.69741089706282,0.013883716047793798,0.11782918164781506,0.1,1.8,-0.7
8,0.95,106.40929659080014,0.003775554574903369,0.06144554153804301,0.1,1.8,-0.7
8,0.9583333333333334,106.02139305039104,0.004381428733046447,0.06619236159139849,0.1,1.8,-0.7
8,0.9666666666666667,105.53398287100063,0.010465658258913841,0.10230179988110591,0.1,1.8,-0.7
8,0.975,105.49771954818702,0.0345951205516851,0.1859976358766022,0.1,1.8,-0.7
8,0.9833333333333333,107.3727233480136,0.22197195526194471,0.4711389978148112,0.1,1.8,-0.7
8,0.9916666666666667,110.74087025904251,0.022238292560567297,0.14912509031201723,0.1,1.8,-0.7
8,1.0,111.10477592257223,0.10134859596861183,0.3183529424532021,0.1,1.8,-0.7
9,0.0,100.0,0.04000000000000001,0.2,0.1,1.8,-0.7
9,0.008333333333333333,100.03391846244178,0.028187343796923267,0.16789086871215858,0.1,1.8,-0.7
9,0.016666666666666666,99.88698425016628,0.019649875596016973,0.1401780139537473,0.1,1.8,-0.7
9,0.025,99.85409090906661,0.030400704426711594,0.17435797781206225,0.1,1.8,-0.7
9,0.03333333333333333,99.6288485488887,0.02421418757076168,0.15560908575903168,0.1,1.8,-0.7
9,0.041666666666666664,99.70451760117027,0.024564813839599207,0.15673166189254553,0.1,1.8,-0.7
9,0.05,99.67218834617394,0.014971968812825516,0.12235999678336673,0.1,1.8,-0.7
9,0.058333333333333334,99.10546913444489,0.004881972706172125,0.06987111496299545,0.1,1.8,-0.7
9,0.06666666666666667,97.11268908035228,0.0025791109400759072,0.05078494796764005,0.1,1.8,-0.7
9,0.075,96.93539382228418,0.012619942655177255,0.11233851812792109,0.1,1.8,-0.7
9,0.08333333333333333,96.8745431051771,0.007267685529710278,0.08525072157882464,0.1,1.8,-0.7
9,0.09166666666666666,96.46322523149053,0.004963821238934682,0.0704543911969629,0.1,1.8,-0.7
9,0.1,96.16136990370786,0.007319242335713249,0.08555257059675793,0.1,1.8,-0.7
9,0.10833333333333334,96.09114963340383,0.016008708726524077,0.12652552598793682,0.1,1.8,-0.7
9,0.11666666666666667,96.00454348956332,0.011998327214523848,0.10953687604877112,0.1,1.8,-0.7
9,0.125,95.9530551229931,0.005646556377645563,0.07514357176529182,0.1,1.8,-0.7
9,0.13333333333333333,95.74219203581244,0.02575200064267924,0.16047429900977678,0.1,1.8,-0.7
9,0.14166666666666666,96.15030110793724,0.05483900844315165,0.2341773012978663,0.1,1.8,-0.7
9,0.15,97.51335678351376,0.031550811599101225,0.1776254812776062,0.1,1.8,-0.7
9,0.15833333333333333,98.48678197243369,0.05151187558837014,0.2269622778973857,0.1,1.8,-0.7
9,0.16666666666666666,99.37500269706103,0.08277884523424844,0.28771313010401256,0.1,1.8,-0.7
9,0.175,100.65930407427108,0.09980921667278855,0.3159259670758144,0.1,1.8,-0.7
9,0.18333333333333332,102.32656939274038,0.07737208374717482,0.2781583788908305,0.1,1.8,-0.7
9,0.19166666666666665,103.30462665386209,0.07989928767690462,0.28266462049026336,0.1,1.8,-0.7
9,0.2,104.26167828389036,0.07891054307682507,0.28091020465056993,0.1,1.8,-0.7
9,0.20833333333333334,105.17739936468222,0.01822207457067029,0.13498916464172334,0.1,1.8,-0.7
9,0.21666666666666667,104.83087352103435,0.0605897150799819,0.24614978179958213,0.1,1.8,-0.7
9,0.225,104.55377617292288,0.01091924915287023,0.10449521114802453,0.1,1.8,-0.7
9,0.23333333333333334,103.87901052688636,0.011008327696399124,0.10492057804072147,0.1,1.8,-0.7
9,0.24166666666666667,103.51867490214501,0.061451024747601016,0.24789317204715627,0.1,1.8,-0.7
9,0.25,104.6214196135896,0.06344789099117541,0.2518886479998164,0.1,1.8,-0.7
9,0.2583333333333333,106.04573084598145,0.14333872099449815,0.3786010050098892,0.1,1.8,-0.7
9,0.26666666666666666,107.84511774967666,0.04136322802859529,0.20337951722972322,0.1,1.8,-0.7
9,0.275,107.57391413636545,0.01449313824149547,0.12038745051497465,0.1,1.8,-0.7
9,0.2833333333333333,106.95929592533717,0.021709618488291605,0.1473418422862006,0.1,1.8,-0.7
9,0.2916666666666667,106.41177005096317,0.02787622570920708,0.16696174923977972,0.1,1.8,-0.7
9,0.3,105.99918628224096,0.028265518470528914,0.16812352146719065,0.1,1.8,-0.7
9,0.30833333333333335,105.75387481119495,0.07637085059076268,0.2763527647604827,0.1,1.8,-0.7
9,0.31666666666666665,107.4578858254737,0.02682062786494757,0.1637700456889097,0.1,1.8,-0.7
9,0.325,107.21502023411684,0.04270643534691881,0.2066553540243243,0.1,1.8,-0.7
9,0.3333333333333333,107.73565491214211,0.013295810796325325,0.11530746201493347,0.1,1.8,-0.7
9,0.3416666666666667,106.94053281123068,0.03517448302495521,0.1875486150974067,0.1,1.8,-0.7
9,0.35,107.1243429420698,0.02737438974985939,0.165452076897993,0.1,1.8,-0.7
9,0.35833333333333334,106.7801583533945,0.013249931771117548,0.11510834796450493,0.1,1.8,-0.7
9,0.36666666666666664,106.09320008784094,0.01645710033328503,0.12828523037857878,0.1,1.8,-0.7
9,0.375,105.87455471868427,0.016405104922834583,0.12808241457294042,0.1,1.8,-0.7
9,0.3833333333333333,105.58340959072676,0.014554064597793705,0.12064022794156892,0.1,1.8,-0.7
9,0.39166666666666666,105.4224189520546,0.09092372948543143,0.3015356189332057,0.1,1.8,-0.7
9,0.4,106.99759585969642,0.028854956982084297,0.16986746887525078,0.1,1.8,-0.7
9,0.4083333333333333,106.99617854779561,0.022295659874571824,0.14931731270878076,0.1,1.8,-0.7
9,0.4166666666666667,106.61682769323707,0.003507374956199493,0.05922309478741797,0.1,1.8,-0.7
9,0.425,105.98128122739469,0.0053723758785933304,0.07329649294879892,0.1,1.8,-0.7
9,0.43333333333333335,105.54032111306839,0.008025617706584304,0.08958581197145173,0.1,1.8,-0.7
9,0.44166666666666665,105.06504615554927,0.0054906995141886595,0.0740992544779545,0.1,1.8,-0.7
9,0.45,105.31887428220774,0.03238581389488936,0.17996058983813473,0.1,1.8,-0.7
9,0.4583333333333333,106.24772429743449,0.013001388785207938,0.11402363257328692,0.1,1.8,-0.7
9,0.4666666666666667,105.95776067037343,0.04640739910654031,0.21542376634563865,0.1,1.8,-0.7
9,0.475,107.02354279236692,0.022474557739989055,0.14991516847867348,0.1,1.8,-0.7
9,0.48333333333333334,107.18994186832295,0.020884096830726204,0.1445133102199455,0.1,1.8,-0.7
9,0.49166666666666664,107.130940883434,0.01805169740865133,0.1343566053778203,0.1,1.8,-0.7
9,0.5,107.10007064020418,0.018592703186131057,0.13635506292811814,0.1,1.8,-0.7
9,0.5083333333333333,107.34908121160859,0.09057069520090895,0.30094965559194276,0.1,1.8,-0.7
9,0.5166666666666666,107.16690119851508,0.0036169072877679322,0.060140729025909986,0.1,1.8,-0.7
9,0.525,106.8034288145461,0.0020655661569520018,0.0454485000517289,0.1,1.8,-0.7
9,0.5333333333333333,106.20596184625477,0.00452038892712885,0.06723383766474178,0.1,1.8,-0.7
9,0.5416666666666666,105.6903835338589,0.0073495067147172815,0.08572926405094868,0.1,1.8,-0.7
9,0.55,105.72881127062827,0.015396956552496118,0.12408447345456287,0.1,1.8,-0.7
9,0.5583333333333333,105.66790046216468,0.01673450636949247,0.1293619200904674,0.1,1.8,-0.7
9,0.5666666666666667,105.85536930152776,0.008806361542812653,0.0938422162079128,0.1,1.8,-0.7
9,0.575,105.835539110308,0.028278909118276616,0.1681633405896678,0.1,1.8,-0.7
9,0.5833333333333334,106.6292377948696,0.04036872732118949,0.2009197036658911,0.1,1.8,-0.7
9,0.5916666666666667,107.33524112516247,0.02439683181600353,0.1561948520790731,0.1,1.8,-0.7
9,0.6,107.19043189565859,0.04923223460510037,0.22188338064194976,0.1,1.8,-0.7
9,0.6083333333333333,108.05715903512986,0.03335079155714548,0.18262199089141887,0.1,1.8,-0.7
9,0.6166666666666667,108.14073750441321,0.015276890927317256,0.12359972057944651,0.1,1.8,-0.7
9,0.625,108.06068424505614,0.03832984062247508,0.19578008229254346,0.1,1.8,-0.7
9,0.6333333333333333,108.58554784194212,0.027305246822937123,0.16524299326427466,0.1,1.8,-0.7
9,0.6416666666666666,108.61573815671898,0.024079136982692102,0.15517453715958718,0.1,1.8,-0.7
9,0.65,108.24147827870219,0.09054911085000902,0.3009137930537732,0.1,1.8,-0.7
9,0.6583333333333333,108.7332413624013,0.0036411582152496174,0.06034201036798175,0.1,1.8,-0.7
9,0.6666666666666666,107.7491941460271,0.0038766194086420863,0.062262504034467536,0.1,1.8,-0.7
9,0.675,107.4815567371502,0.003274029805945774,0.05721913845861168,0.1,1.8,-0.7
9,0.6833333333333333,107.15310262538299,0.005357074927493134,0.07319204142181808,0.1,1.8,-0.7
9,0.6916666666666667,106.96298882253186,0.005960164429980955,0.07720210120185172,0.1,1.8,-0.7
9,0.7,106.66629380722732,0.0018723974504175351,0.04327120809981546,0.1,1.8,-0.7
9,0.7083333333333334,106.30497361721586,0.0020147005925046676,0.04488541625633729,0.1,1.8,-0.7
9,0.7166666666666667,105.88068165016676,0.0018844486890445906,0.04341023714568478,0.1,1.8,-0.7
9,0.725,105.86501155015843,0.03600470818429597,0.1897490663594843,0.1,1.8,-0.7
9,0.7333333333333333,107.58597586200439,0.04937141881121709,0.22219680198242522,0.1,1.8,-0.7
9,0.7416666666666667,108.98195004875258,0.010660708313625391,0.10325070611683676,0.1,1.8,-0.7
9,0.75,109.18227497909713,0.008725955161276574,0.09341282118251527,0.1,1.8,-0.7
9,0.7583333333333333,109.0048828453765,0.003624577211386511,0.060204461723251966,0.1,1.8,-0.7
9,0.7666666666666666,108.60943038303654,0.0012389800878254106,0.03519914896450496,0.1,1.8,-0.7
9,0.775,108.2268475534749,0.0037963083432205483,0.061614189463309085,0.1,1.8,-0.7
9,0.7833333333333333,107.75312140458158,0.0018599614209232785,0.04312727003791544,0.1,1.8,-0.7
9,0.7916666666666666,107.01776866484587,0.0034514064019065052,0.058748671490566534,0.1,1.8,-0.7
9,0.8,106.82314503313172,0.0009210606146295584,0.030348980454531885,0.1,1.8,-0.7
9,0.8083333333333333,106.58162752917421,0.001302301099217726,0.03608740915080668,0.1,1.8,-0.7
9,0.8166666666666667,106.06163135285854,0.0027631698669448993,0.05256586218207497,0.1,1.8,-0.7
9,0.825,105.8416372642163,0.0040728675825357176,0.06381902210576183,0.1,1.8,-0.7
9,0.8333333333333334,105.4167131298283,0.005224790650005779,0.07228271335530909,0.1,1.8,-0.7
9,0.8416666666666667,105.34047896888728,0.0012381381271610397,0.03518718697425299,0.1,1.8,-0.7
9,0.85,105.23178142952379,0.006243324340506762,0.0790147096464118,0.1,1.8,-0.7
9,0.8583333333333333,105.1116038854556,0.0019430036062172472,0.04407951458690587,0.1,1.8,-0.7
9,0.8666666666666667,104.9726073731997,0.00578955555239356,0.07608912900272653,0.1,1.8,-0.7
9,0.875,104.66540045872607,0.004170534644033711,0.06457967671050786,0.1,1.8,-0.7
9,0.8833333333333333,104.54589708312675,0.0011779667470481472,0.034321520173910526,0.1,1.8,-0.7
9,0.8916666666666666,104.443754468929,0.0020684645146629016,0.04548037504971679,0.1,1.8,-0.7
9,0.9,104.33345010674199,0.003883583871129122,0.06231840716136061,0.1,1.8,-0.7
9,0.9083333333333333,104.2456459028096,0.0059435293701883525,0.077094288829902,0.1,1.8,-0.7
9,0.9166666666666666,104.49486210522169,0.0037067886965041347,0.060883402471479324,0.1,1.8,-0.7
9,0.9249999999999999,104.60875191868271,0.016728558054501172,0.12933892706567954,0.1,1.8,-0.7
9,0.9333333333333333,105.52031625117873,0.017053700623883433,0.13058981822440613,0.1,1.8,-0.7
9,0.9416666666666667,106.09965216802206,0.006756001582309297,0.08219489997748824,0.1,1.8,-0.7
9,0.95,106.25923146252102,0.014505631442919267,0.12043932681196481,0.1,1.8,-0.7
9,0.9583333333333334,106.49466800007605,0.05365861284850799,0.23164328794184386,0.1,1.8,-0.7
9,0.9666666666666667,108.4174811009099,0.09575330522321071,0.30944030962886965,0.1,1.8,-0.7
9,0.975,110.43532789083709,0.007949499037605248,0.08915996319876567,0.1,1.8,-0.7
9,0.9833333333333333,109.91180418980937,0.00581833495773568,0.07627801097128635,0.1,1.8,-0.7
9,0.9916666666666667,109.34798382885019,0.03882422892780334,0.19703864830992762,0.1,1.8,-0.7
9,1.0,109.47563693644688,0.00590485311851225,0.07684304209563966,0.1,1.8,-0.7
10,0.0,100.0,0.04000000000000001,0.2,0.1,1.8,-0.7
10,0.008333333333333333,100.09596518653468,0.004914234152590279,0.07010159878769014,0.1,1.8,-0.7
10,0.016666666666666666,99.45732481211117,0.005138843096763423,0.07168572449772286,0.1,1.8,-0.7
10,0.025,99.32386783208325,0.009840599229827312,0.09919979450496513,0.1,1.8,-0.7
10,0.03333333333333333,98.95855750813176,0.006965593488803121,0.08346013113339279,0.1,1.8,-0.7
10,0.041666666666666664,98.874762365675,0.003830233664363516,0.061888881589212096,0.1,1.8,-0.7
10,0.05,98.67730973905803,0.0028849666469994884,0.0537118855282468,0.1,1.8,-0.7
10,0.058333333333333334,98.2851948738397,0.002208644396510345,0.04699621683189345,0.1,1.8,-0.7
10,0.06666666666666667,96.58553486571576,0.0015126837034642937,0.03889323467473866,0.1,1.8,-0.7
10,0.075,96.65179755656632,0.022835465508293972,0.15111408110528274,0.1,1.8,-0.7
10,0.08333333333333333,97.5484987243584,0.008234292113685001,0.09074300035641869,0.1,1.8,-0.7
10,0.09166666666666666,97.43251150404951,0.014493210665782599,0.12038775131126338,0.1,1.8,-0.7
10,0.1,98.23272630055426,0.0050632324285322045,0.07115639415071709,0.1,1.8,-0.7
10,0.10833333333333334,98.10170101048428,0.005238019302227962,0.07237416184128119,0.1,1.8,-0.7
10,0.11666666666666667,97.5924629124208,0.002923276899672839,0.05406733671703128,0.1,1.8,-0.7
10,0.125,97.34591605556936,0.0003699627509778426,0.019234415795075312,0.1,1.8,-0.7
10,0.13333333333333333,97.12517180449872,0.0005158784716066145,0.022712958231076254,0.1,1.8,-0.7
10,0.14166666666666666,96.41693414074393,0.00025303999518021833,0.015907230908621974,0.1,1.8,-0.7
10,0.15,95.94520702335369,0.00010712683203641408,0.010350209275005703,0.1,1.8,-0.7
10,0.15833333333333333,96.09035908254239,0.00016418389632482007,0.012813426408452193,0.1,1.8,-0.7
10,0.16666666666666666,95.67689452156813,0.0014706803601742245,0.03834945058503739,0.1,1.8,-0.7
10,0.175,95.30727382219864,0.0007758410446856214,0.027853923326627103,0.1,1.8,-0.7
10,0.18333333333333332,95.16522581239224,0.002814868973340918,0.053055338782642014,0.1,1.8,-0.7
10,0.19166666666666665,95.35710418299463,0.0020001566284809963,0.04472311067536555,0.1,1.8,-0.7
10,0.2,95.4011404030101,0.003156184607127947,0.05617993064367334,0.1,1.8,-0.7
10,0.20833333333333334,95.65255848424653,0.000827896061313999,0.028773183023676735,0.1,1.8,-0.7
10,0.21666666666666667,95.8141441002453,0.0022196624468737015,0.04711329373832508,0.1,1.8,-0.7
10,0.225,95.85841016501288,0.0032772418067752124,0.05724719911729492,0.1,1.8,-0.7
10,0.23333333333333334,96.01384609117385,0.0012114030280447894,0.03480521552935407,0.1,1.8,-0.7
10,0.24166666666666667,95.92438685203649,0.002765922847755211,0.05259204167699911,0.1,1.8,-0.7
10,0.25,95.84103399860209,0.003366696625459379,0.05802324211434052,0.1,1.8,-0.7
10,0.2583333333333333,95.85307852626828,0.0013883008218665508,0.037259909042649995,0.1,1.8,-0.7
10,0.26666666666666666,95.41020416490441,0.0006484319898424514,0.025464327790900968,0.1,1.8,-0.7
10,0.275,95.06873147822182,0.0004264618530933794,0.02065095283742083,0.1,1.8,-0.7
10,0.2833333333333333,94.89767583414877,0.0010084725991541344,0.03175645759769396,0.1,1.8,-0.7
10,0.2916666666666667,94.57528827374084,0.00142981594525905,0.03781290712520065,0.1,1.8,-0.7
10,0.3,94.26637650613372,0.000588062835111318,0.024250006909510725,0.1,1.8,-0.7
10,0.30833333333333335,93.93544858929599,0.000990415309387768,0.031470864452502224,0.1,1.8,-0.7
10,0.31666666666666665,93.63176932016702,0.0017593949981189719,0.04194514272378832,0.1,1.8,-0.7
10,0.325,93.76975440006422,0.002289837920045776,0.047852250940219894,0.1,1.8,-0.7
10,0.3333333333333333,93.67881426859333,0.006627314513622438,0.08140831968307931,0.1,1.8,-0.7
10,0.3416666666666667,93.96949952364558,0.008197896948110905,0.09054223847526029,0.1,1.8,-0.7
10,0.35,94.28769823941242,0.0013375502542584414,0.03657253415144268,0.1,1.8,-0.7
10,0.35833333333333334,94.34837564597596,0.010391386488963015,0.10193815031166209,0.1,1.8,-0.7
10,0.36666666666666664,94.64386697328936,0.0022334044365526773,0.04725890854169907,0.1,1.8,-0.7
10,0.375,94.49493739988336,0.0072684027610838186,0.08525492807506097,0.1,1.8,-0.7
10,0.3833333333333333,94.75430811141362,0.003940835376014192,0.06277607327648164,0.1,1.8,-0.7
10,0.39166666666666666,94.95213719279192,0.0023475192359576724,0.04845120469046846,0.1,1.8,-0.7
10,0.4,94.39148413899476,0.0005256778385738264,0.02292766535375607,0.1,1.8,-0.7
10,0.4083333333333333,94.27227416923203,0.0013163643470954453,0.03628173572330085,0.1,1.8,-0.7
10,0.4166666666666667,94.16506366253056,0.0003699630469004381,0.019234423487602587,0.1,1.8,-0.7
10,0.425,93.98780752492208,0.00245822532831535,0.04958049342549295,0.1,1.8,-0.7
10,0.43333333333333335,94.07092055691443,0.006261355027613293,0.07912872441543142,0.1,1.8,-0.7
10,0.44166666666666665,94.19263644469386,0.0011896742892151516,0.03449165535626192,0.1,1.8,-0.7
10,0.45,94.28745294947699,0.0023702818744547323,0.04868554071235866,0.1,1.8,-0.7
10,0.4583333333333333,94.24421961290585,0.0010099714283893584,0.0317800476461153,0.1,1.8,-0.7
10,0.4666666666666667,94.42582692556768,0.0008593979655876474,0.029315490198658582,0.1,1.8,-0.7
10,0.475,94.22678503604108,0.002671088117309299,0.05168257073046288,0.1,1.8,-0.7
10,0.48333333333333334,94.43938537105319,0.0016888543221517224,0.041095672791082546,0.1,1.8,-0.7
10,0.49166666666666664,94.4809284480065,0.008585425702434842,0.09265757228869555,0.1,1.8,-0.7
10,0.5,94.94855737831772,0.0018899352246153623,0.0434733852444845,0.1,1.8,-0.7
10,0.5083333333333333,94.83917037544919,0.005805724587169505,0.07619530554548296,0.1,1.8,-0.7
10,0.5166666666666666,95.16658666937438,0.003362071040636995,0.05798336865547737,0.1,1.8,-0.7
10,0.525,95.37696986930268,0.006139065739747706,0.07835219039534061,0.1,1.8,-0.7
10,0.5333333333333333,95.62569424905878,0.0023611644655440593,0.04859181479986171,0.1,1.8,-0.7
10,0.5416666666666666,95.32297097152133,0.002723411111490974,0.052186311533686434,0.1,1.8,-0.7
10,0.55,95.40182082546434,0.0024502513204305784,0.049500013337680816,0.1,1.8,-0.7
10,0.5583333333333333,95.05473811704394,0.0011788591348754825,0.03433451812499314,0.1,1.8,-0.7
10,0.5666666666666667,95.0639309788758,0.0035814599101199485,0.059845299816442966,0.1,1.8,-0.7
10,0.575,95.25932760366221,0.004527587939418346,0.06728735348799465,0.1,1.8,-0.7
10,0.5833333333333334,95.42434204941647,0.005155188635336709,0.07179964230646772,0.1,1.8,-0.7
10,0.5916666666666667,95.3940883020452,0.014230982572652144,0.1192936820315818,0.1,1.8,-0.7
10,0.6,95.90823977308693,0.020102426774859863,0.1417830271043042,0.1,1.8,-0.7
10,0.6083333333333333,96.8014066822415,0.005141821664577095,0.07170649666924954,0.1,1.8,-0.7
10,0.6166666666666667,96.66326012533813,0.007774785356722351,0.08817474330397765,0.1,1.8,-0.7
10,0.625,96.5542275457455,0.003198114997273391,0.05655187881293946,0.1,1.8,-0.7
10,0.6333333333333333,96.38025743603515,0.004395429707451342,0.06629803698037628,0.1,1.8,-0.7
10,0.6416666666666666,96.30498703472767,0.002415109876427132,0.04914376742199495,0.1,1.8,-0.7
10,0.65,95.8304564542295,0.015240218359255254,0.12345127929371673,0.1,1.8,-0.7
10,0.6583333333333333,96.34530386287472,0.008003315977415154,0.08946125405679911,0.1,1.8,-0.7
10,0.6666666666666666,96.21513689575173,0.0047312076726402,0.06878377477748804,0.1,1.8,-0.7
10,0.675,96.33733115241479,0.015111610675335932,0.12292929136432836,0.1,1.8,-0.7
10,0.6833333333333333,96.60635889741476,0.0009250055905804593,0.030413904559928824,0.1,1.8,-0.7
10,0.6916666666666667,96.47006119744633,0.00047892803256132293,0.021884424428376518,0.1,1.8,-0.7
10,0.7,96.12180394648857,0.0036227391451010295,0.06018919458757551,0.1,1.8,-0.7
10,0.7083333333333334,96.21407675031384,0.0026846117966689126,0.05181323958863133,0.1,1.8,-0.7
10,0.7166666666666667,96.05022709617123,0.003324456030307865,0.057658095964988866,0.1,1.8,-0.7
10,0.725,95.81042382824721,0.0008372449683318405,0.028935185645366793,0.1,1.8,-0.7
10,0.7333333333333333,95.55934721004203,0.0018218286931590256,0.04268288524876248,0.1,1.8,-0.7
10,0.7416666666666667,95.48449484020225,0.012794271167753701,0.11311176405552917,0.1,1.8,-0.7
10,0.75,96.90772696475787,0.008426544921235516,0.09179621408988235,0.1,1.8,-0.7
10,0.7583333333333333,97.2477479413333,0.005442535013316858,0.0737735387067535,0.1,1.8,-0.7
10,0.7666666666666666,97.29069920650873,0.0029667345614011816,0.054467738721202495,0.1,1.8,-0.7
10,0.775,97.09953382423545,0.0025132335075465986,0.05013216041172172,0.1,1.8,-0.7
10,0.7833333333333333,96.58978384387778,0.0004317468735055444,0.02077851952150452,0.1,1.8,-0.7
10,0.7916666666666666,95.95982796472747,0.0020137704653597713,0.04487505393155279,0.1,1.8,-0.7
10,0.8,95.99782854649493,0.004242753993326411,0.06513642600977129,0.1,1.8,-0.7
10,0.8083333333333333,95.91586606475302,0.000609676962968755,0.02469163751088119,0.1,1.8,-0.7
10,0.8166666666666667,95.4948288017298,0.0008420393670625149,0.02901791458844889,0.1,1.8,-0.7
10,0.825,95.29527971187741,0.00046550602710992165,0.02157558868513028,0.1,1.8,-0.7
10,0.8333333333333334,94.82426314304945,0.00041630353853841306,0.020403517798125232,0.1,1.8,-0.7
10,0.8416666666666667,94.72762498073952,0.0008838841458710803,0.029730189132783538,0.1,1.8,-0.7
10,0.85,94.65298449373606,0.0001391446368207279,0.011795958495210463,0.1,1.8,-0.7
10,0.8583333333333333,94.28929809087123,0.0009466100408938992,0.03076702847032679,0.1,1.8,-0.7
10,0.8666666666666667,94.35557282660908,0.0015608796477816083,0.03950796942113842,0.1,1.8,-0.7
10,0.875,94.02380416050215,0.0008368643824060875,0.028928608373132773,0.1,1.8,-0.7
10,0.8833333333333333,93.93294077112097,9.817552538975609e-05,0.009908356341480462,0.1,1.8,-0.7
10,0.8916666666666666,93.92052780130471,0.00018281307342745797,0.013520838488328229,0.1,1.8,-0.7
10,0.9,93.83539628098748,0.0012554425744103175,0.03543222508409989,0.1,1.8,-0.7
10,0.9083333333333333,93.4808006592988,5.226525545509538e-05,0.007229471312281098,0.1,1.8,-0.7
10,0.9166666666666666,93.6013638922776,0.00021259836139936227,0.014580753114958166,0.1,1.8,-0.7
10,0.9249999999999999,93.5447069842252,0.00010672167717207901,0.010330618431249845,0.1,1.8,-0.7
10,0.9333333333333333,93.52348894735374,0.0005333451020293535,0.023094265565922496,0.1,1.8,-0.7
10,0.9416666666666667,93.53673509330898,0.00020557770465006543,0.01433798119157873,0.1,1.8,-0.7
10,0.95,93.6045409298671,0.00048267361925879434,0.021969834302033194,0.1,1.8,-0.7
10,0.9583333333333334,93.68970890919357,0.0007049938578812698,0.026551720431664497,0.1,1.8,-0.7
10,0.9666666666666667,93.61114517897289,0.00289869781680546,0.05383955624636463,0.1,1.8,-0.7
10,0.975,93.75506981792797,0.0007939470771899836,0.028177066511437695,0.1,1.8,-0.7
10,0.9833333333333333,93.7173165242148,0.0011751172562057576,0.03427998331688272,0.1,1.8,-0.7
10,0.9916666666666667,93.19116950961592,0.00022984207727414597,0.015160543435977022,0.1,1.8,-0.7
10,1.0,93.09668863533426,0.0016729893195569126,0.04090219211187724,0.1,1.8,-0.7
11,0.0,100.0,0.04000000000000001,0.2,0.1,1.8,-0.7
11,0.008333333333333333,100.07369656840172,0.009197361644724046,0.09590287610246132,0.1,1.8,-0.7
11,0.016666666666666666,99.54327536400082,0.006831729704124345,0.08265427819613662,0.1,1.8,-0.7
11,0.025,99.32793234308937,0.008698820290018672,0.09326746640720264,0.1,1.8,-0.7
11,0.03333333333333333,98.87872625229927,0.0019313305240656312,0.04394690573937636,0.1,1.8,-0.7
11,0.041666666666666664,98.69227988255294,0.005793239313835991,0.07611333203740323,0.1,1.8,-0.7
11,0.05,98.783365696146,0.013344850724081305,0.11551991483757813,0.1,1.8,-0.7
11,0.058333333333333334,98.94941170918814,0.009990735710998157,0.09995366782163702,0.1,1.8,-0.7
11,0.06666666666666667,97.33026502779904,0.0017838138473509338,0.04223522046054612,0.1,1.8,-0.7
11,0.075,97.11904754281633,0.0039052049444202293,0.062491638996110745,0.1,1.8,-0.7
11,0.08333333333333333,96.96118567145744,0.008883517289113359,0.0942524126434616,0.1,1.8,-0.7
11,0.09166666666666666,96.84852198302215,0.001000780699969269,0.03163511814375393,0.1,1.8,-0.7
11,0.1,96.5716784223972,0.0010937214303038362,0.033071459452280544,0.1,1.8,-0.7
11,0.10833333333333334,96.37389903961737,0.005150602645500304,0.07176769917936832,0.1,1.8,-0.7
11,0.11666666666666667,96.10069251465136,0.004305834760669242,0.06561885979403514,0.1,1.8,-0.7
11,0.125,95.85683671616452,0.005400044696651731,0.07348499640506034,0.1,1.8,-0.7
11,0.13333333333333333,95.95838452937645,0.023796633939862855,0.1542615763560805,0.1,1.8,-0.7
11,0.14166666666666666,96.43222789466192,0.011699312050525315,0.10816335816960064,0.1,1.8,-0.7
11,0.15,96.32320558677851,0.014519194064989286,0.12049561844726672,0.1,1.8,-0.7
11,0.15833333333333333,97.62319068927852,0.11232511460371282,0.33514939147149414,0.1,1.8,-0.7
11,0.16666666666666666,99.62423585505505,0.01625567810174853,0.12749775724203358,0.1,1.8,-0.7
11,0.175,99.00215102524857,0.007115383608741776,0.08435273326183199,0.1,1.8,-0.7
11,0.18333333333333332,98.64505716322805,0.015373817172945657,0.12399119796560422,0.1,1.8,-0.7
11,0.19166666666666665,98.86926833558826,0.017230971062882506,0.1312667934509048,0.1,1.8,-0.7
11,0.2,99.28341293150778,0.007584245793885557,0.08708757542775868,0.1,1.8,-0.7
11,0.20833333333333334,99.19848607851,0.003703890805382027,0.0608595991227516,0.1,1.8,-0.7
11,0.21666666666666667,99.13734370102515,0.05843479796274344,0.24173290624725347,0.1,1.8,-0.7
11,0.225,100.7721117622021,0.020133746776890338,0.14189343457993517,0.1,1.8,-0.7
11,0.23333333333333334,101.1695195752085,0.0073647029041084226,0.08581784723534157,0.1,1.8,-0.7
11,0.24166666666666667,100.95458835783349,0.02465179879133555,0.15700891309519835,0.1,1.8,-0.7
11,0.25,101.63166919549488,0.012501379329244037,0.11180956725273573,0.1,1.8,-0.7
11,0.2583333333333333,101.54207121343313,0.00976436518864873,0.09881480247740584,0.1,1.8,-0.7
11,0.26666666666666666,101.16494177106992,0.018362449139255436,0.13550811466202103,0.1,1.8,-0.7
11,0.275,101.31086467533589,0.003820209719647532,0.06180784513027074,0.1,1.8,-0.7
11,0.2833333333333333,100.97323802799119,0.010998119352157165,0.10487191879696474,0.1,1.8,-0.7
11,0.2916666666666667,100.7149481664813,0.05457179472114473,0.2336060673894082,0.1,1.8,-0.7
11,0.3,102.54553573462897,0.02598796484155488,0.16120783120417842,0.1,1.8,-0.7
11,0.30833333333333335,102.73867899870208,0.01221087313207154,0.11050281956616102,0.1,1.8,-0.7
11,0.31666666666666665,102.41182201931034,0.008679305441638863,0.09316279000566086,0.1,1.8,-0.7
11,0.325,102.32350991630936,0.007712656261786091,0.08782173000907059,0.1,1.8,-0.7
11,0.3333333333333333,102.00540816929386,0.007737548434425292,0.0879633357395301,0.1,1.8,-0.7
11,0.3416666666666667,101.66892770799181,0.0063856131007091485,0.07991003128962688,0.1,1.8,-0.7
11,0.35,101.4724055373153,0.01902641015729004,0.13793625396279993,0.1,1.8,-0.7
11,0.35833333333333334,101.16185351963091,0.002208034966704627,0.046989732566855784,0.1,1.8,-0.7
11,0.36666666666666664,100.58486105438334,0.013501890304597915,0.11619763467729416,0.1,1.8,-0.7
11,0.375,100.97746159201522,0.006013754815224414,0.07754840304754453,0.1,1.8,-0.7
11,0.3833333333333333,100.6729554251495,0.010569377736643739,0.10280747899177248,0.1,1.8,-0.7
11,0.39166666666666666,101.0329267231113,0.002973446977547655,0.05452932218126001,0.1,1.8,-0.7
11,0.4,100.35447932751072,0.01998337680543378,0.14136257215201548,0.1,1.8,-0.7
11,0.4083333333333333,101.18161643502299,0.02991655411438067,0.17296402549195214,0.1,1.8,-0.7
11,0.4166666666666667,102.13718514825632,0.032547191563233734,0.18040840214145717,0.1,1.8,-0.7
11,0.425,102.23595474804708,0.004012107773200725,0.0633412012295372,0.1,1.8,-0.7
11,0.43333333333333335,101.80815489764214,0.01953533766414106,0.1397688723004556,0.1,1.8,-0.7
11,0.44166666666666665,102.01178514894443,0.01748059588622582,0.13221420455543278,0.1,1.8,-0.7
11,0.45,101.75192839372993,0.0029090351630269096,0.05393547221473925,0.1,1.8,-0.7
11,0.4583333333333333,101.2570500523369,0.007135520796185734,0.08447201191037025,0.1,1.8,-0.7
11,0.4666666666666667,101.37133482980917,0.01070917118732144,0.1034851254399464,0.1,1.8,-0.7
11,0.475,101.38531197992296,0.01467745829566909,0.12115056044306642,0.1,1.8,-0.7
11,0.48333333333333334,101.75304306632532,0.012170483110571364,0.11031991257507125,0.1,1.8,-0.7
11,0.49166666666666664,101.81554239574562,0.013748253768001024,0.1172529478009019,0.1,1.8,-0.7
11,0.5,102.17613251336846,0.04381413387912223,0.20931825978428692,0.1,1.8,-0.7
11,0.5083333333333333,103.49978800121359,0.05364037567409987,0.23160391981592166,0.1,1.8,-0.7
11,0.5166666666666666,102.87515868391954,0.0015719467929308382,0.03964778421212008,0.1,1.8,-0.7
11,0.525,102.57533479919137,0.005842968939048506,0.07643931540149027,0.1,1.8,-0.7
11,0.5333333333333333,102.29925060233663,0.00656700222047218,0.0810370422737169,0.1,1.8,-0.7
11,0.5416666666666666,102.00541671767415,0.0014819766044937629,0.03849644924527148,0.1,1.8,-0.7
11,0.55,101.80130086527406,0.004834278619400075,0.06952897683268519,0.1,1.8,-0.7
11,0.5583333333333333,101.38703110079109,0.016339430630165346,0.1278257823373882,0.1,1.8,-0.7
11,0.5666666666666667,101.7193412466292,0.0029292823925953556,0.05412284538524703,0.1,1.8,-0.7
11,0.575,101.56007444270354,0.007485844884949161,0.0865207771864606,0.1,1.8,-0.7
11,0.5833333333333334,101.48543379439438,0.0027242184370664625,0.05219404599249288,0.1,1.8,-0.7
11,0.5916666666666667,101.02131444239517,0.0025598136957337243,0.05059460144851152,0.1,1.8,-0.7
11,0.6,100.526901700013,0.01615851158272771,0.12711613423451687,0.1,1.8,-0.7
11,0.6083333333333333,101.17147544854875,0.004250540322087861,0.06519616800156172,0.1,1.8,-0.7
11,0.6166666666666667,100.94144027398919,0.008715952412030489,0.09335926527147956,0.1,1.8,-0.7
11,0.625,100.54472163827357,0.0011678337320484863,0.03417358237072149,0.1,1.8,-0.7
11,0.6333333333333333,100.2516475950072,0.02029876452993595,0.1424737327718199,0.1,1.8,-0.7
11,0.6416666666666666,101.20236834618915,0.012605828071918897,0.11227567889760853,0.1,1.8,-0.7
11,0.65,101.1557158786154,0.006972494047798983,0.08350146135127806,0.1,1.8,-0.7
11,0.6583333333333333,100.98196256802292,0.01256204044687213,0.11208050877325695,0.1,1.8,-0.7
11,0.6666666666666666,100.90675382368191,0.0023283256404050697,0.04825272676652657,0.1,1.8,-0.7
11,0.675,100.78346114072437,0.015740323943028968,0.12546044772369086,0.1,1.8,-0.7
11,0.6833333333333333,101.23286368047661,0.005953533782915544,0.07715914581509792,0.1,1.8,-0.7
11,0.6916666666666667,101.19379192695804,0.00572722737422078,0.07567844722390107,0.1,1.8,-0.7
11,0.7,100.97270185618352,0.004077028029392626,0.06385160945029206,0.1,1.8,-0.7
11,0.7083333333333334,100.78269456966598,0.003217862243425042,0.05672620420427443,0.1,1.8,-0.7
11,0.7166666666666667,100.42446975779775,0.008995897494320166,0.09484670523703059,0.1,1.8,-0.7
11,0.725,100.52228530329427,0.007826068096155539,0.08846506709518474,0.1,1.8,-0.7
11,0.7333333333333333,100.48996589336008,0.012099943050122686,0.1099997411366167,0.1,1.8,-0.7
11,0.7416666666666667,100.6238863398471,0.00790307442309426,0.08889923747195057,0.1,1.8,-0.7
11,0.75,100.35723762195592,0.012202426150486403,0.11046459229312533,0.1,1.8,-0.7
11,0.7583333333333333,100.58253790309429,0.005877887962617368,0.07666738526007894,0.1,1.8,-0.7
11,0.7666666666666666,100.52352680411585,0.0575899294256096,0.2399790187195739,0.1,1.8,-0.7
11,0.775,101.73806743135098,0.003412175802238343,0.05841383228515608,0.1,1.8,-0.7
11,0.7833333333333333,101.4286015859885,0.025017155858325615,0.1581681252918097,0.1,1.8,-0.7
11,0.7916666666666666,101.87205215511806,0.04189965556002658,0.20469405355316647,0.1,1.8,-0.7
11,0.8,102.72987939842918,0.007610963690844931,0.08724083728876593,0.1,1.8,-0.7
11,0.8083333333333333,102.93497580730023,0.08978647070830942,0.29964390650955913,0.1,1.8,-0.7
11,0.8166666666666667,106.08683448592993,0.056559710629191795,0.23782285556521224,0.1,1.8,-0.7
11,0.825,107.18547787899078,0.06497921163654656,0.2549102030844324,0.1,1.8,-0.7
11,0.8333333333333334,109.08696003549872,0.03165646661983179,0.17792264223485382,0.1,1.8,-0.7
11,0.8416666666666667,109.17228214723659,0.021755513708907805,0.14749750407687517,0.1,1.8,-0.7
11,0.85,109.11261465662929,0.018376678188882778,0.13556060706887815,0.1,1.8,-0.7
11,0.8583333333333333,108.7647058050786,0.028063519033604798,0.16752169720249613,0.1,1.8,-0.7
11,0.8666666666666667,109.12470195228231,0.07784212509047508,0.2790020162838883,0.1,1.8,-0.7
11,0.875,110.52608169452922,0.03672787587419053,0.19164518223579358,0.1,1.8,-0.7
11,0.8833333333333333,110.45147517886878,0.012348995622525396,0.11112603485468829,0.1,1.8,-0.7
11,0.8916666666666666,110.31614365795798,0.042115059778697166,0.20521954044071233,0.1,1.8,-0.7
11,0.9,111.19400545203662,0.05889609496643245,0.24268517665162917,0.1,1.8,-0.7
11,0.9083333333333333,112.11073121146704,0.05719839229459164,0.23916185376140495,0.1,1.8,-0.7
11,0.9166666666666666,113.41601074274614,0.06890611588217893,0.26249974453735936,0.1,1.8,-0.7
11,0.9249999999999999,114.16574018057412,0.030397268688140418,0.1743481249917544,0.1,1.8,-0.7
11,0.9333333333333333,114.20094241869387,0.013383260112488866,0.11568604113067776,0.1,1.8,-0.7
11,0.9416666666666667,113.68439828919699,0.009810024189747756,0.09904556622962865,0.1,1.8,-0.7
11,0.95,113.22359106698751,0.0036176887953774197,0.06014722599902193,0.1,1.8,-0.7
11,0.9583333333333334,112.6818936630121,0.01258602827387967,0.11218746932647901,0.1,1.8,-0.7
11,0.9666666666666667,112.60073378589867,0.011094557865341888,0.10533070713396872,0.1,1.8,-0.7
11,0.975,112.27583161709482,0.00798637818234797,0.08936653838181252,0.1,1.8,-0.7
11,0.9833333333333333,111.39687238705687,0.0006805495553944393,0.026087344736374366,0.1,1.8,-0.7
11,0.9916666666666667,110.49098022435474,0.0013386542686183531,0.03658762452822475,0.1,1.8,-0.7
11,1.0,110.34194366072818,0.009798481447698914,0.09898727922161975,0.1,1.8,-0.7
